Workbook

Sheet LEGGIMI
A1: COME SI USA QUESTO FILE
A3: 1. Ogni foglio è una tabella del database dell'app. Modifica solo le celle: non cambiare i nomi dei fogli né le intestazioni della prima riga.
A4: 2. Le colonne che iniziano con _ (verdi) sono solo di aiuto: mostrano il nome dell'area, dell'autostrada o del gestore. Non vengono lette.
A5: 3. Per aggiungere una colonnina: nel foglio aree_colonnine scrivi una nuova riga in fondo (id nuovo = ultimo id + 1; id_area = numero dell'area, lo trovi nel foglio aree_servizio; id_gestore dal foglio gestori_ricarica).
A6: 4. Per nascondere un'area dall'app: nel foglio aree_servizio metti attiva_2026 = 0. Per mostrarla: 1. (-1 = esclusa, non è su autostrada).
A7: 4b. Listino ricarica (foglio tariffe_ricarica): una riga per gestore, corrente (AC/DC) e fascia di potenza (potenza_min_kw–potenza_max_kw). Prezzi a consumo senza abbonamento, IVA inclusa. stato = 'verificato' oppure 'da verificare'. data_fonte = data del listino. Il prezzo scritto in una riga di aree_colonnine (es. A22) vince sul listino.
A8: 5. Per segnare un'area chiusa: colonna stato = 'chiusa (temporaneamente)'; per riaprirla: 'aperta'.
A9: 6. Date nel formato AAAA-MM-GG (per esempio 2026-10-14). Prezzi e potenze con il punto o la virgola come li scrive il tuo Excel.
A10: 7. Celle vuote sono valide (valore mancante). Righe completamente vuote vengono ignorate.
A11: 8. Salva con lo stesso nome (dati.xlsx) e caricalo dalla pagina di aggiornamento. Se c'è un errore, la pagina te lo spiega in italiano e l'app continua a usare i dati vecchi.
A13: COSA NON FARE: non cambiare gli id di righe esistenti, non cancellare un'area se ha righe collegate (colonnine, marche, servizi, prezzi): togli prima quelle righe, o metti attiva_2026 = 0.

Sheet aree_colonnine
A1: id | B1: id_area | C1: id_gestore | D1: numero_colonnine | E1: tipo_corrente | F1: potenza_kw | G1: prezzo_kwh | H1: fonte | I1: data_aggiornamento | J1: _area | K1: _gestore
A2: 1 | B2: 2 | C2: 1 | D2: 1 | E2: AC | F2: 22 | H2: Piattaforma Unica Nazionale (MASE/GSE) del 17/09/2024, estratta da onData, CC BY 4.0 | I2: 2024-09-17 | J2: =IF(B2="","",IFERROR(INDEX(aree_servizio!B:B,MATCH(B2,aree_servizio!A:A,0)),"?")) | K2: =IF(C2="","",IFERROR(INDEX(gestori_ricarica!B:B,MATCH(C2,gestori_ricarica!A:A,0)),"?"))
A3: 3 | B3: 4 | C3: 1 | D3: 1 | E3: AC | F3: 22 | H3: Piattaforma Unica Nazionale (MASE/GSE) del 17/09/2024, estratta da onData, CC BY 4.0 | I3: 2024-09-17 | J3: =IF(B3="","",IFERROR(INDEX(aree_servizio!B:B,MATCH(B3,aree_servizio!A:A,0)),"?")) | K3: =IF(C3="","",IFERROR(INDEX(gestori_ricarica!B:B,MATCH(C3,gestori_ricarica!A:A,0)),"?"))
A4: 5 | B4: 6 | C4: 1 | D4: 4 | E4: DC | F4: 400 | H4: Piattaforma Unica Nazionale (MASE/GSE) del 17/09/2024, estratta da onData, CC BY 4.0 | I4: 2024-09-17 | J4: =IF(B4="","",IFERROR(INDEX(aree_servizio!B:B,MATCH(B4,aree_servizio!A:A,0)),"?")) | K4: =IF(C4="","",IFERROR(INDEX(gestori_ricarica!B:B,MATCH(C4,gestori_ricarica!A:A,0)),"?"))
A5: 6 | B5: 12 | C5: 1 | D5: 1 | E5: AC | F5: 22 | H5: Piattaforma Unica Nazionale (MASE/GSE) del 17/09/2024, estratta da onData, CC BY 4.0 | I5: 2024-09-17 | J5: =IF(B5="","",IFERROR(INDEX(aree_servizio!B:B,MATCH(B5,aree_servizio!A:A,0)),"?")) | K5: =IF(C5="","",IFERROR(INDEX(gestori_ricarica!B:B,MATCH(C5,gestori_ricarica!A:A,0)),"?"))
A6: 8 | B6: 13 | C6: 1 | D6: 1 | E6: AC | F6: 22 | H6: Piattaforma Unica Nazionale (MASE/GSE) del 17/09/2024, estratta da onData, CC BY 4.0 | I6: 2024-09-17 | J6: =IF(B6="","",IFERROR(INDEX(aree_servizio!B:B,MATCH(B6,aree_servizio!A:A,0)),"?")) | K6: =IF(C6="","",IFERROR(INDEX(gestori_ricarica!B:B,MATCH(C6,gestori_ricarica!A:A,0)),"?"))
A7: 10 | B7: 16 | C7: 1 | D7: 1 | E7: AC | F7: 22 | H7: Piattaforma Unica Nazionale (MASE/GSE) del 17/09/2024, estratta da onData, CC BY 4.0 | I7: 2024-09-17 | J7: =IF(B7="","",IFERROR(INDEX(aree_servizio!B:B,MATCH(B7,aree_servizio!A:A,0)),"?")) | K7: =IF(C7="","",IFERROR(INDEX(gestori_ricarica!B:B,MATCH(C7,gestori_ricarica!A:A,0)),"?"))
A8: 12 | B8: 18 | C8: 1 | D8: 1 | E8: AC | F8: 22 | H8: Piattaforma Unica Nazionale (MASE/GSE) del 17/09/2024, estratta da onData, CC BY 4.0 | I8: 2024-09-17 | J8: =IF(B8="","",IFERROR(INDEX(aree_servizio!B:B,MATCH(B8,aree_servizio!A:A,0)),"?")) | K8: =IF(C8="","",IFERROR(INDEX(gestori_ricarica!B:B,MATCH(C8,gestori_ricarica!A:A,0)),"?"))
A9: 14 | B9: 19 | C9: 1 | D9: 1 | E9: AC | F9: 22 | H9: Piattaforma Unica Nazionale (MASE/GSE) del 17/09/2024, estratta da onData, CC BY 4.0 | I9: 2024-09-17 | J9: =IF(B9="","",IFERROR(INDEX(aree_servizio!B:B,MATCH(B9,aree_servizio!A:A,0)),"?")) | K9: =IF(C9="","",IFERROR(INDEX(gestori_ricarica!B:B,MATCH(C9,gestori_ricarica!A:A,0)),"?"))
A10: 16 | B10: 20 | C10: 1 | D10: 1 | E10: AC | F10: 22 | H10: Piattaforma Unica Nazionale (MASE/GSE) del 17/09/2024, estratta da onData, CC BY 4.0 | I10: 2024-09-17 | J10: =IF(B10="","",IFERROR(INDEX(aree_servizio!B:B,MATCH(B10,aree_servizio!A:A,0)),"?")) | K10: =IF(C10="","",IFERROR(INDEX(gestori_ricarica!B:B,MATCH(C10,gestori_ricarica!A:A,0)),"?"))
A11: 18 | B11: 21 | C11: 1 | D11: 1 | E11: AC | F11: 22 | H11: Piattaforma Unica Nazionale (MASE/GSE) del 17/09/2024, estratta da onData, CC BY 4.0 | I11: 2024-09-17 | J11: =IF(B11="","",IFERROR(INDEX(aree_servizio!B:B,MATCH(B11,aree_servizio!A:A,0)),"?")) | K11: =IF(C11="","",IFERROR(INDEX(gestori_ricarica!B:B,MATCH(C11,gestori_ricarica!A:A,0)),"?"))
A12: 20 | B12: 23 | C12: 1 | D12: 1 | E12: AC | F12: 22 | H12: Piattaforma Unica Nazionale (MASE/GSE) del 17/09/2024, estratta da onData, CC BY 4.0 | I12: 2024-09-17 | J12: =IF(B12="","",IFERROR(INDEX(aree_servizio!B:B,MATCH(B12,aree_servizio!A:A,0)),"?")) | K12: =IF(C12="","",IFERROR(INDEX(gestori_ricarica!B:B,MATCH(C12,gestori_ricarica!A:A,0)),"?"))
A13: 22 | B13: 27 | C13: 1 | D13: 1 | E13: AC | F13: 22 | H13: Piattaforma Unica Nazionale (MASE/GSE) del 17/09/2024, estratta da onData, CC BY 4.0 | I13: 2024-09-17 | J13: =IF(B13="","",IFERROR(INDEX(aree_servizio!B:B,MATCH(B13,aree_servizio!A:A,0)),"?")) | K13: =IF(C13="","",IFERROR(INDEX(gestori_ricarica!B:B,MATCH(C13,gestori_ricarica!A:A,0)),"?"))
... A152: 260 | B152: 156 | C152: 15 | D152: 6 | E152: DC | F152: 150 | H152: Pagine Tesla 'Trova una stazione' (Supercharger Dorno Est e Dorno Ovest, Autogrill km 33 A7), consultate il 07/10/2026: 6 Supercharger, fino a 150 kW; in linea con l'elenco SmartWorld del 25/05/2023 | I152: 2026-10-07 | J152: =IF(B152="","",IFERROR(INDEX(aree_servizio!B:B,MATCH(B152,aree_servizio!A:A,0)),"?")) | K152: =IF(C152="","",IFERROR(INDEX(gestori_ricarica!B:B,MATCH(C152,gestori_ricarica!A:A,0)),"?"))
A153: 261 | B153: 3 | C153: 1 | E153: DC | H153: Elenco stampa Motorbox 'Mappa 2025 colonnine EV autostrada' (dati Motus-E/A2A): presenza segnalata, numero e potenza da confermare | J153: =IF(B153="","",IFERROR(INDEX(aree_servizio!B:B,MATCH(B153,aree_servizio!A:A,0)),"?")) | K153: =IF(C153="","",IFERROR(INDEX(gestori_ricarica!B:B,MATCH(C153,gestori_ricarica!A:A,0)),"?"))
A154: 262 | B154: 5 | C154: 1 | E154: DC | H154: Elenco stampa Motorbox 'Mappa 2025 colonnine EV autostrada' (dati Motus-E/A2A): presenza segnalata, numero e potenza da confermare | J154: =IF(B154="","",IFERROR(INDEX(aree_servizio!B:B,MATCH(B154,aree_servizio!A:A,0)),"?")) | K154: =IF(C154="","",IFERROR(INDEX(gestori_ricarica!B:B,MATCH(C154,gestori_ricarica!A:A,0)),"?"))
A155: 263 | B155: 50 | C155: 1 | E155: DC | H155: Elenco stampa Motorbox 'Mappa 2025 colonnine EV autostrada' (dati Motus-E/A2A): presenza segnalata, numero e potenza da confermare | J155: =IF(B155="","",IFERROR(INDEX(aree_servizio!B:B,MATCH(B155,aree_servizio!A:A,0)),"?")) | K155: =IF(C155="","",IFERROR(INDEX(gestori_ricarica!B:B,MATCH(C155,gestori_ricarica!A:A,0)),"?"))
A156: 264 | B156: 7 | C156: 1 | E156: DC | H156: Elenco stampa Motorbox 'Mappa 2025 colonnine EV autostrada' (dati Motus-E/A2A): presenza segnalata, numero e potenza da confermare | J156: =IF(B156="","",IFERROR(INDEX(aree_servizio!B:B,MATCH(B156,aree_servizio!A:A,0)),"?")) | K156: =IF(C156="","",IFERROR(INDEX(gestori_ricarica!B:B,MATCH(C156,gestori_ricarica!A:A,0)),"?"))
A157: 265 | B157: 48 | C157: 1 | E157: DC | H157: Elenco stampa Motorbox 'Mappa 2025 colonnine EV autostrada' (dati Motus-E/A2A): presenza segnalata, numero e potenza da confermare | J157: =IF(B157="","",IFERROR(INDEX(aree_servizio!B:B,MATCH(B157,aree_servizio!A:A,0)),"?")) | K157: =IF(C157="","",IFERROR(INDEX(gestori_ricarica!B:B,MATCH(C157,gestori_ricarica!A:A,0)),"?"))
A158: 266 | B158: 22 | C158: 1 | E158: DC | H158: Elenco stampa Motorbox 'Mappa 2025 colonnine EV autostrada' (dati Motus-E/A2A): presenza segnalata, numero e potenza da confermare | J158: =IF(B158="","",IFERROR(INDEX(aree_servizio!B:B,MATCH(B158,aree_servizio!A:A,0)),"?")) | K158: =IF(C158="","",IFERROR(INDEX(gestori_ricarica!B:B,MATCH(C158,gestori_ricarica!A:A,0)),"?"))
A159: 267 | B159: 32 | C159: 1 | E159: DC | H159: Elenco stampa Motorbox 'Mappa 2025 colonnine EV autostrada' (dati Motus-E/A2A): presenza segnalata, numero e potenza da confermare | J159: =IF(B159="","",IFERROR(INDEX(aree_servizio!B:B,MATCH(B159,aree_servizio!A:A,0)),"?")) | K159: =IF(C159="","",IFERROR(INDEX(gestori_ricarica!B:B,MATCH(C159,gestori_ricarica!A:A,0)),"?"))
A160: 268 | B160: 24 | C160: 1 | D160: 4 | E160: DC | F160: 300 | H160: Articolo Motorbox sull'inaugurazione della stazione Free To X di Teano Ovest (data dell'articolo non verificata): 4 prese in corrente continua fino a 300 kW; numero da confermare, assente dalla PUN del 17/09/2024 | J160: =IF(B160="","",IFERROR(INDEX(aree_servizio!B:B,MATCH(B160,aree_servizio!A:A,0)),"?")) | K160: =IF(C160="","",IFERROR(INDEX(gestori_ricarica!B:B,MATCH(C160,gestori_ricarica!A:A,0)),"?"))
A161: 269 | B161: 236 | C161: 1 | E161: DC | H161: Elenco stampa Motorbox 'Mappa 2025 colonnine EV autostrada' (dati Motus-E/A2A): presenza segnalata, numero e potenza da confermare | J161: =IF(B161="","",IFERROR(INDEX(aree_servizio!B:B,MATCH(B161,aree_servizio!A:A,0)),"?")) | K161: =IF(C161="","",IFERROR(INDEX(gestori_ricarica!B:B,MATCH(C161,gestori_ricarica!A:A,0)),"?"))
A162: 270 | B162: 249 | C162: 1 | E162: DC | H162: Elenco stampa Motorbox 'Mappa 2025 colonnine EV autostrada' (dati Motus-E/A2A): presenza segnalata, numero e potenza da confermare | J162: =IF(B162="","",IFERROR(INDEX(aree_servizio!B:B,MATCH(B162,aree_servizio!A:A,0)),"?")) | K162: =IF(C162="","",IFERROR(INDEX(gestori_ricarica!B:B,MATCH(C162,gestori_ricarica!A:A,0)),"?"))
A163: 271 | B163: 239 | C163: 1 | E163: DC | H163: Elenco stampa Motorbox 'Mappa 2025 colonnine EV autostrada' (dati Motus-E/A2A): presenza segnalata, numero e potenza da confermare | J163: =IF(B163="","",IFERROR(INDEX(aree_servizio!B:B,MATCH(B163,aree_servizio!A:A,0)),"?")) | K163: =IF(C163="","",IFERROR(INDEX(gestori_ricarica!B:B,MATCH(C163,gestori_ricarica!A:A,0)),"?"))
A164: 272 | B164: 246 | C164: 1 | E164: DC | H164: Elenco stampa Motorbox 'Mappa 2025 colonnine EV autostrada' (dati Motus-E/A2A): presenza segnalata, numero e potenza da confermare | J164: =IF(B164="","",IFERROR(INDEX(aree_servizio!B:B,MATCH(B164,aree_servizio!A:A,0)),"?")) | K164: =IF(C164="","",IFERROR(INDEX(gestori_ricarica!B:B,MATCH(C164,gestori_ricarica!A:A,0)),"?"))
A165: 273 | B165: 223 | C165: 1 | E165: DC | H165: Elenco stampa Motorbox 'Mappa 2025 colonnine EV autostrada' (dati Motus-E/A2A): presenza segnalata, numero e potenza da confermare | J165: =IF(B165="","",IFERROR(INDEX(aree_servizio!B:B,MATCH(B165,aree_servizio!A:A,0)),"?")) | K165: =IF(C165="","",IFERROR(INDEX(gestori_ricarica!B:B,MATCH(C165,gestori_ricarica!A:A,0)),"?"))
A166: 274 | B166: 262 | C166: 1 | E166: DC | H166: Elenco stampa Motorbox 'Mappa 2025 colonnine EV autostrada' (dati Motus-E/A2A): presenza segnalata, numero e potenza da confermare | J166: =IF(B166="","",IFERROR(INDEX(aree_servizio!B:B,MATCH(B166,aree_servizio!A:A,0)),"?")) | K166: =IF(C166="","",IFERROR(INDEX(gestori_ricarica!B:B,MATCH(C166,gestori_ricarica!A:A,0)),"?"))
A167: 275 | B167: 254 | C167: 1 | E167: DC | H167: Elenco stampa Motorbox 'Mappa 2025 colonnine EV autostrada' (dati Motus-E/A2A): presenza segnalata, numero e potenza da confermare | J167: =IF(B167="","",IFERROR(INDEX(aree_servizio!B:B,MATCH(B167,aree_servizio!A:A,0)),"?")) | K167: =IF(C167="","",IFERROR(INDEX(gestori_ricarica!B:B,MATCH(C167,gestori_ricarica!A:A,0)),"?"))
A168: 277 | B168: 145 | C168: 3 | E168: DC | H168: Elenco stampa Motorbox 'Mappa 2025 colonnine EV autostrada' (dati Motus-E/A2A): presenza segnalata, numero e potenza da confermare | J168: =IF(B168="","",IFERROR(INDEX(aree_servizio!B:B,MATCH(B168,aree_servizio!A:A,0)),"?")) | K168: =IF(C168="","",IFERROR(INDEX(gestori_ricarica!B:B,MATCH(C168,gestori_ricarica!A:A,0)),"?"))
A169: 278 | B169: 69 | C169: 3 | D169: 2 | E169: DC | F169: 50 | H169: PUN (MASE/GSE) del 17/09/2024 via onData, CC BY 4.0: sede "Autogrill Rosarno Est"; coerente con elenco Motorbox 2025 (Rosarno, direzione Salerno) | I169: 2024-09-17 | J169: =IF(B169="","",IFERROR(INDEX(aree_servizio!B:B,MATCH(B169,aree_servizio!A:A,0)),"?")) | K169: =IF(C169="","",IFERROR(INDEX(gestori_ricarica!B:B,MATCH(C169,gestori_ricarica!A:A,0)),"?"))
A170: 279 | B170: 69 | C170: 3 | D170: 3 | E170: AC | F170: 41 | H170: PUN (MASE/GSE) del 17/09/2024 via onData, CC BY 4.0: sede "Autogrill Rosarno Est"; coerente con elenco Motorbox 2025 (Rosarno, direzione Salerno) | I170: 2024-09-17 | J170: =IF(B170="","",IFERROR(INDEX(aree_servizio!B:B,MATCH(B170,aree_servizio!A:A,0)),"?")) | K170: =IF(C170="","",IFERROR(INDEX(gestori_ricarica!B:B,MATCH(C170,gestori_ricarica!A:A,0)),"?"))
A171: 280 | B171: 100 | C171: 16 | D171: 1 | E171: AC | F171: 22 | H171: Autovie Venete, punti di ricarica L. 178/2020, aggiornamento 01/10/2023 | I171: 2023-10-01 | J171: =IF(B171="","",IFERROR(INDEX(aree_servizio!B:B,MATCH(B171,aree_servizio!A:A,0)),"?")) | K171: =IF(C171="","",IFERROR(INDEX(gestori_ricarica!B:B,MATCH(C171,gestori_ricarica!A:A,0)),"?"))
A172: 297 | B172: 60 | C172: 21 | D172: 16 | E172: DC | F172: 60 | H172: App di ricarica (screenshot di Carlo del 07/10/2026): A2, 16 stazioni con codici IT_GES_..., tutte da 60 kW; gestore Go Electric Stations (codice GES); operatore Go Electric Stations confermato dall'app (scheda stazione) | I172: 2026-10-07 | J172: =IF(B172="","",IFERROR(INDEX(aree_servizio!B:B,MATCH(B172,aree_servizio!A:A,0)),"?")) | K172: =IF(C172="","",IFERROR(INDEX(gestori_ricarica!B:B,MATCH(C172,gestori_ricarica!A:A,0)),"?"))
A173: 298 | B173: 76 | C173: 21 | D173: 16 | E173: DC | F173: 60 | H173: App di ricarica (screenshot di Carlo del 07/10/2026): A2, 16 stazioni con codici IT_GES_..., tutte da 60 kW; gestore Go Electric Stations (codice GES); operatore Go Electric Stations confermato dall'app (scheda stazione) | I173: 2026-10-07 | J173: =IF(B173="","",IFERROR(INDEX(aree_servizio!B:B,MATCH(B173,aree_servizio!A:A,0)),"?")) | K173: =IF(C173="","",IFERROR(INDEX(gestori_ricarica!B:B,MATCH(C173,gestori_ricarica!A:A,0)),"?"))
A174: 299 | B174: 368 | C174: 1 | D174: 8 | E174: DC | F174: 300 | H174: App di ricarica (screenshot di Carlo del 07/10/2026): A26 Autostrada dei Trafori, Autogrill Stura, operatore Free To X; 5 colonnine: 4 da 300 kW e 1 da 66 kW; conteggio in punti di ricarica (2 prese per colonnina) | I174: 2026-10-07 | J174: =IF(B174="","",IFERROR(INDEX(aree_servizio!B:B,MATCH(B174,aree_servizio!A:A,0)),"?")) | K174: =IF(C174="","",IFERROR(INDEX(gestori_ricarica!B:B,MATCH(C174,gestori_ricarica!A:A,0)),"?"))
A175: 300 | B175: 368 | C175: 1 | D175: 2 | E175: DC | F175: 66 | H175: App di ricarica (screenshot di Carlo del 07/10/2026): A26 Autostrada dei Trafori, Autogrill Stura, operatore Free To X; 5 colonnine: 4 da 300 kW e 1 da 66 kW; conteggio in punti di ricarica (2 prese per colonnina) | I175: 2026-10-07 | J175: =IF(B175="","",IFERROR(INDEX(aree_servizio!B:B,MATCH(B175,aree_servizio!A:A,0)),"?")) | K175: =IF(C175="","",IFERROR(INDEX(gestori_ricarica!B:B,MATCH(C175,gestori_ricarica!A:A,0)),"?"))
A176: 301 | B176: 377 | C176: 1 | D176: 8 | E176: DC | F176: 300 | H176: App di ricarica, dati comunicati da Carlo il 07/10/2026: A26 Stura Ovest, operatore Free To X; 5 colonnine: 4 da 300 kW e 1 da 66 kW; conteggio in punti di ricarica (2 prese per colonnina) | I176: 2026-10-07 | J176: =IF(B176="","",IFERROR(INDEX(aree_servizio!B:B,MATCH(B176,aree_servizio!A:A,0)),"?")) | K176: =IF(C176="","",IFERROR(INDEX(gestori_ricarica!B:B,MATCH(C176,gestori_ricarica!A:A,0)),"?"))
A177: 302 | B177: 377 | C177: 1 | D177: 2 | E177: DC | F177: 66 | H177: App di ricarica, dati comunicati da Carlo il 07/10/2026: A26 Stura Ovest, operatore Free To X; 5 colonnine: 4 da 300 kW e 1 da 66 kW; conteggio in punti di ricarica (2 prese per colonnina) | I177: 2026-10-07 | J177: =IF(B177="","",IFERROR(INDEX(aree_servizio!B:B,MATCH(B177,aree_servizio!A:A,0)),"?")) | K177: =IF(C177="","",IFERROR(INDEX(gestori_ricarica!B:B,MATCH(C177,gestori_ricarica!A:A,0)),"?"))
A178: 303 | B178: 186 | C178: 1 | D178: 4 | E178: DC | F178: 300 | H178: App di ricarica (screenshot di Carlo del 07/10/2026): Peretola Sud, 'Autostrada Firenze Mare', 2 colonnine da 300 kW e 1 da 66 kW, due prese ciascuna = 6 punti DC; coerente con PUN 17/09/2024 | I178: 2026-10-07 | J178: =IF(B178="","",IFERROR(INDEX(aree_servizio!B:B,MATCH(B178,aree_servizio!A:A,0)),"?")) | K178: =IF(C178="","",IFERROR(INDEX(gestori_ricarica!B:B,MATCH(C178,gestori_ricarica!A:A,0)),"?"))
A179: 304 | B179: 186 | C179: 1 | D179: 2 | E179: DC | F179: 66 | H179: App di ricarica (screenshot di Carlo del 07/10/2026): Peretola Sud, 'Autostrada Firenze Mare', 2 colonnine da 300 kW e 1 da 66 kW, due prese ciascuna = 6 punti DC; coerente con PUN 17/09/2024 | I179: 2026-10-07 | J179: =IF(B179="","",IFERROR(INDEX(aree_servizio!B:B,MATCH(B179,aree_servizio!A:A,0)),"?")) | K179: =IF(C179="","",IFERROR(INDEX(gestori_ricarica!B:B,MATCH(C179,gestori_ricarica!A:A,0)),"?"))
A180: 317 | B180: 208 | C180: 1 | D180: 4 | E180: DC | F180: 300 | H180: App Free To X, verificato dall'utente il 07/10/2026 (4 da 300 kW + 1 da 66 kW, stessa dotazione sui due lati) | I180: 2026-10-07 | J180: =IF(B180="","",IFERROR(INDEX(aree_servizio!B:B,MATCH(B180,aree_servizio!A:A,0)),"?")) | K180: =IF(C180="","",IFERROR(INDEX(gestori_ricarica!B:B,MATCH(C180,gestori_ricarica!A:A,0)),"?"))
... A183: 320 | B183: 213 | C183: 1 | D183: 1 | E183: DC | F183: 66 | H183: App Free To X, verificato dall'utente il 07/10/2026 (4 da 300 kW + 1 da 66 kW, stessa dotazione sui due lati) | I183: 2026-10-07 | J183: =IF(B183="","",IFERROR(INDEX(aree_servizio!B:B,MATCH(B183,aree_servizio!A:A,0)),"?")) | K183: =IF(C183="","",IFERROR(INDEX(gestori_ricarica!B:B,MATCH(C183,gestori_ricarica!A:A,0)),"?"))
A184: 322 | B184: 329 | C184: 20 | D184: 4 | E184: DC | F184: 180 | G184: 0.43 | H184: Scheda area sulla mappa 'Colonnine elettriche' di autobrennero.it, vista dall'utente il 07/10/2026: 2 colonnine ultra rapide, ciascuna con 2 connettori CCS combo2 fino a 180 kW, 0,43 €/kWh (4 punti di ricarica) | I184: 2026-10-07 | J184: =IF(B184="","",IFERROR(INDEX(aree_servizio!B:B,MATCH(B184,aree_servizio!A:A,0)),"?")) | K184: =IF(C184="","",IFERROR(INDEX(gestori_ricarica!B:B,MATCH(C184,gestori_ricarica!A:A,0)),"?"))
A185: 323 | B185: 338 | C185: 20 | D185: 4 | E185: DC | F185: 180 | G185: 0.43 | H185: Scheda area sulla mappa 'Colonnine elettriche' di autobrennero.it, vista dall'utente il 07/10/2026: 2 colonnine ultra rapide, ciascuna con 2 connettori CCS combo2 fino a 180 kW, 0,43 €/kWh (4 punti di ricarica) | I185: 2026-10-07 | J185: =IF(B185="","",IFERROR(INDEX(aree_servizio!B:B,MATCH(B185,aree_servizio!A:A,0)),"?")) | K185: =IF(C185="","",IFERROR(INDEX(gestori_ricarica!B:B,MATCH(C185,gestori_ricarica!A:A,0)),"?"))
A186: 324 | B186: 337 | C186: 20 | D186: 4 | E186: DC | F186: 180 | G186: 0.43 | H186: Scheda area sulla mappa 'Colonnine elettriche' di autobrennero.it, vista dall'utente il 07/10/2026: 2 colonnine ultra rapide, ciascuna con 2 connettori CCS combo2 fino a 180 kW, 0,43 €/kWh (4 punti di ricarica) | I186: 2026-10-07 | J186: =IF(B186="","",IFERROR(INDEX(aree_servizio!B:B,MATCH(B186,aree_servizio!A:A,0)),"?")) | K186: =IF(C186="","",IFERROR(INDEX(gestori_ricarica!B:B,MATCH(C186,gestori_ricarica!A:A,0)),"?"))
A187: 325 | B187: 346 | C187: 20 | D187: 4 | E187: DC | F187: 180 | G187: 0.43 | H187: Scheda area sulla mappa 'Colonnine elettriche' di autobrennero.it, vista dall'utente il 07/10/2026: 2 colonnine ultra rapide, ciascuna con 2 connettori CCS combo2 fino a 180 kW, 0,43 €/kWh (4 punti di ricarica) | I187: 2026-10-07 | J187: =IF(B187="","",IFERROR(INDEX(aree_servizio!B:B,MATCH(B187,aree_servizio!A:A,0)),"?")) | K187: =IF(C187="","",IFERROR(INDEX(gestori_ricarica!B:B,MATCH(C187,gestori_ricarica!A:A,0)),"?"))
A188: 326 | B188: 332 | C188: 20 | D188: 2 | E188: DC | F188: 50 | G188: 0.38 | H188: Scheda area sulla mappa 'Colonnine elettriche' di autobrennero.it, vista dall'utente il 07/10/2026: 2 charger multi-standard, ciascuno con 1 DC (CCS/CHAdeMO 50 kW) e 1 AC; 0,38 €/kWh | I188: 2026-10-07 | J188: =IF(B188="","",IFERROR(INDEX(aree_servizio!B:B,MATCH(B188,aree_servizio!A:A,0)),"?")) | K188: =IF(C188="","",IFERROR(INDEX(gestori_ricarica!B:B,MATCH(C188,gestori_ricarica!A:A,0)),"?"))
A189: 327 | B189: 332 | C189: 20 | D189: 2 | E189: AC | F189: 43 | G189: 0.38 | H189: Scheda area sulla mappa 'Colonnine elettriche' di autobrennero.it, vista dall'utente il 07/10/2026: 2 charger multi-standard, ciascuno con 1 DC e 1 AC (Tipo 2 fino a 43 kW); 0,38 €/kWh | I189: 2026-10-07 | J189: =IF(B189="","",IFERROR(INDEX(aree_servizio!B:B,MATCH(B189,aree_servizio!A:A,0)),"?")) | K189: =IF(C189="","",IFERROR(INDEX(gestori_ricarica!B:B,MATCH(C189,gestori_ricarica!A:A,0)),"?"))
A190: 328 | B190: 344 | C190: 20 | D190: 1 | E190: DC | F190: 50 | G190: 0.38 | H190: Scheda area sulla mappa 'Colonnine elettriche' di autobrennero.it, vista dall'utente il 07/10/2026: 1 charger multi-standard, ciascuno con 1 DC (CCS/CHAdeMO 50 kW) e 1 AC; 0,38 €/kWh | I190: 2026-10-07 | J190: =IF(B190="","",IFERROR(INDEX(aree_servizio!B:B,MATCH(B190,aree_servizio!A:A,0)),"?")) | K190: =IF(C190="","",IFERROR(INDEX(gestori_ricarica!B:B,MATCH(C190,gestori_ricarica!A:A,0)),"?"))
A191: 329 | B191: 344 | C191: 20 | D191: 1 | E191: AC | F191: 43 | G191: 0.38 | H191: Scheda area sulla mappa 'Colonnine elettriche' di autobrennero.it, vista dall'utente il 07/10/2026: 1 charger multi-standard, ciascuno con 1 DC e 1 AC (Tipo 2 fino a 43 kW); 0,38 €/kWh | I191: 2026-10-07 | J191: =IF(B191="","",IFERROR(INDEX(aree_servizio!B:B,MATCH(B191,aree_servizio!A:A,0)),"?")) | K191: =IF(C191="","",IFERROR(INDEX(gestori_ricarica!B:B,MATCH(C191,gestori_ricarica!A:A,0)),"?"))
A192: 330 | B192: 344 | C192: 20 | D192: 4 | E192: DC | F192: 180 | G192: 0.43 | H192: Scheda area sulla mappa 'Colonnine elettriche' di autobrennero.it, vista dall'utente il 07/10/2026: 2 colonnine ultra rapide, ciascuna con 2 connettori CCS combo2 fino a 180 kW, 0,43 €/kWh (4 punti di ricarica) | I192: 2026-10-07 | J192: =IF(B192="","",IFERROR(INDEX(aree_servizio!B:B,MATCH(B192,aree_servizio!A:A,0)),"?")) | K192: =IF(C192="","",IFERROR(INDEX(gestori_ricarica!B:B,MATCH(C192,gestori_ricarica!A:A,0)),"?"))
A193: 331 | B193: 331 | C193: 20 | D193: 1 | E193: DC | F193: 50 | G193: 0.38 | H193: Scheda area sulla mappa 'Colonnine elettriche' di autobrennero.it, vista dall'utente il 07/10/2026: 1 charger multi-standard, ciascuno con 1 DC (CCS/CHAdeMO 50 kW) e 1 AC; 0,38 €/kWh | I193: 2026-10-07 | J193: =IF(B193="","",IFERROR(INDEX(aree_servizio!B:B,MATCH(B193,aree_servizio!A:A,0)),"?")) | K193: =IF(C193="","",IFERROR(INDEX(gestori_ricarica!B:B,MATCH(C193,gestori_ricarica!A:A,0)),"?"))
A194: 332 | B194: 331 | C194: 20 | D194: 1 | E194: AC | F194: 43 | G194: 0.38 | H194: Scheda area sulla mappa 'Colonnine elettriche' di autobrennero.it, vista dall'utente il 07/10/2026: 1 charger multi-standard, ciascuno con 1 DC e 1 AC (Tipo 2 fino a 43 kW); 0,38 €/kWh | I194: 2026-10-07 | J194: =IF(B194="","",IFERROR(INDEX(aree_servizio!B:B,MATCH(B194,aree_servizio!A:A,0)),"?")) | K194: =IF(C194="","",IFERROR(INDEX(gestori_ricarica!B:B,MATCH(C194,gestori_ricarica!A:A,0)),"?"))
A195: 333 | B195: 331 | C195: 20 | D195: 4 | E195: DC | F195: 180 | G195: 0.43 | H195: Scheda area sulla mappa 'Colonnine elettriche' di autobrennero.it, vista dall'utente il 07/10/2026: 2 colonnine ultra rapide, ciascuna con 2 connettori CCS combo2 fino a 180 kW, 0,43 €/kWh (4 punti di ricarica) | I195: 2026-10-07 | J195: =IF(B195="","",IFERROR(INDEX(aree_servizio!B:B,MATCH(B195,aree_servizio!A:A,0)),"?")) | K195: =IF(C195="","",IFERROR(INDEX(gestori_ricarica!B:B,MATCH(C195,gestori_ricarica!A:A,0)),"?"))
... A203: 341 | B203: 336 | C203: 20 | D203: 2 | E203: AC | F203: 22 | G203: 0.33 | H203: Scheda area sulla mappa 'Colonnine elettriche' di autobrennero.it, vista dall'utente il 07/10/2026: 1 charger AC con 2 prese Tipo 2, fino a 22 kW per un veicolo o 11 kW ciascuna con due veicoli; 0,33 €/kWh | I203: 2026-10-07 | J203: =IF(B203="","",IFERROR(INDEX(aree_servizio!B:B,MATCH(B203,aree_servizio!A:A,0)),"?")) | K203: =IF(C203="","",IFERROR(INDEX(gestori_ricarica!B:B,MATCH(C203,gestori_ricarica!A:A,0)),"?"))
A204: 342 | B204: 357 | C204: 22 | D204: 7 | E204: DC | F204: 100 | H204: App Enel X Way, controllo dell'utente il 07/10/2026 (area Civita Sud, A24): 7 punti di ricarica in totale; le prime 4 prese viste in lista sono da 100 kW (sigle ATEITSATESE001030S2, 001031S1, 001031S2, 001032S1); potenza delle altre 3 prese da confermare Operatore Atlante dedotto dal codice ATE, stesso di Civita Nord. | I204: 2026-10-07 | J204: =IF(B204="","",IFERROR(INDEX(aree_servizio!B:B,MATCH(B204,aree_servizio!A:A,0)),"?")) | K204: =IF(C204="","",IFERROR(INDEX(gestori_ricarica!B:B,MATCH(C204,gestori_ricarica!A:A,0)),"?"))
A205: 343 | B205: 360 | C205: 22 | D205: 9 | E205: DC | F205: 100 | H205: App Enel X Way, controllo dell'utente il 07/10/2026 (area Civita Nord, A24): 9 punti di ricarica in totale; il pin sulla mappa indica 100 kW; potenza di ogni singola presa da confermare Operatore: Atlante (indicato nell'app per Civita Nord). | I205: 2026-10-07 | J205: =IF(B205="","",IFERROR(INDEX(aree_servizio!B:B,MATCH(B205,aree_servizio!A:A,0)),"?")) | K205: =IF(C205="","",IFERROR(INDEX(gestori_ricarica!B:B,MATCH(C205,gestori_ricarica!A:A,0)),"?"))
A206: 344 | B206: 359 | C206: 22 | D206: 7 | E206: DC | F206: 100 | H206: App Enel X Way, controllo dell'utente il 07/10/2026 (area Valle Aterno Ovest, A24): 7 punti di ricarica in totale; pin Atlante da 100 kW, sigle ATEITSATESE001033S3, 001034S2, 001035S2 ecc.; potenza di ogni singola presa non verificata | I206: 2026-10-07 | J206: =IF(B206="","",IFERROR(INDEX(aree_servizio!B:B,MATCH(B206,aree_servizio!A:A,0)),"?")) | K206: =IF(C206="","",IFERROR(INDEX(gestori_ricarica!B:B,MATCH(C206,gestori_ricarica!A:A,0)),"?"))
A207: 345 | B207: 364 | C207: 22 | D207: 9 | E207: DC | F207: 100 | H207: App Enel X Way, controllo dell'utente il 07/10/2026 (area Monte Velino Nord, A25): 9 punti di ricarica Atlante in totale, pin da 100 kW (sigle ATEITSATESE001094S2, 001095S2, 001096S1, 001097S1 ecc.); potenza di ogni singola presa non verificata | I207: 2026-10-07 | J207: =IF(B207="","",IFERROR(INDEX(aree_servizio!B:B,MATCH(B207,aree_servizio!A:A,0)),"?")) | K207: =IF(C207="","",IFERROR(INDEX(gestori_ricarica!B:B,MATCH(C207,gestori_ricarica!A:A,0)),"?"))
A208: 346 | B208: 2 | C208: 1 | D208: 4 | E208: DC | F208: 300 | H208: Piattaforma Unica Nazionale (MASE/GSE) del 17/09/2024, estratta da onData, CC BY 4.0 | I208: 2024-09-17 | J208: =IF(B208="","",IFERROR(INDEX(aree_servizio!B:B,MATCH(B208,aree_servizio!A:A,0)),"?")) | K208: =IF(C208="","",IFERROR(INDEX(gestori_ricarica!B:B,MATCH(C208,gestori_ricarica!A:A,0)),"?"))
A209: 347 | B209: 2 | C209: 1 | D209: 2 | E209: DC | F209: 66 | H209: Piattaforma Unica Nazionale (MASE/GSE) del 17/09/2024, estratta da onData, CC BY 4.0 | I209: 2024-09-17 | J209: =IF(B209="","",IFERROR(INDEX(aree_servizio!B:B,MATCH(B209,aree_servizio!A:A,0)),"?")) | K209: =IF(C209="","",IFERROR(INDEX(gestori_ricarica!B:B,MATCH(C209,gestori_ricarica!A:A,0)),"?"))
A210: 348 | B210: 4 | C210: 1 | D210: 4 | E210: DC | F210: 300 | H210: Piattaforma Unica Nazionale (MASE/GSE) del 17/09/2024, estratta da onData, CC BY 4.0 | I210: 2024-09-17 | J210: =IF(B210="","",IFERROR(INDEX(aree_servizio!B:B,MATCH(B210,aree_servizio!A:A,0)),"?")) | K210: =IF(C210="","",IFERROR(INDEX(gestori_ricarica!B:B,MATCH(C210,gestori_ricarica!A:A,0)),"?"))
A211: 349 | B211: 4 | C211: 1 | D211: 2 | E211: DC | F211: 66 | H211: Piattaforma Unica Nazionale (MASE/GSE) del 17/09/2024, estratta da onData, CC BY 4.0 | I211: 2024-09-17 | J211: =IF(B211="","",IFERROR(INDEX(aree_servizio!B:B,MATCH(B211,aree_servizio!A:A,0)),"?")) | K211: =IF(C211="","",IFERROR(INDEX(gestori_ricarica!B:B,MATCH(C211,gestori_ricarica!A:A,0)),"?"))
A212: 350 | B212: 12 | C212: 1 | D212: 4 | E212: DC | F212: 300 | H212: Piattaforma Unica Nazionale (MASE/GSE) del 17/09/2024, estratta da onData, CC BY 4.0 | I212: 2024-09-17 | J212: =IF(B212="","",IFERROR(INDEX(aree_servizio!B:B,MATCH(B212,aree_servizio!A:A,0)),"?")) | K212: =IF(C212="","",IFERROR(INDEX(gestori_ricarica!B:B,MATCH(C212,gestori_ricarica!A:A,0)),"?"))
A213: 351 | B213: 12 | C213: 1 | D213: 2 | E213: DC | F213: 66 | H213: Piattaforma Unica Nazionale (MASE/GSE) del 17/09/2024, estratta da onData, CC BY 4.0 | I213: 2024-09-17 | J213: =IF(B213="","",IFERROR(INDEX(aree_servizio!B:B,MATCH(B213,aree_servizio!A:A,0)),"?")) | K213: =IF(C213="","",IFERROR(INDEX(gestori_ricarica!B:B,MATCH(C213,gestori_ricarica!A:A,0)),"?"))
A214: 352 | B214: 13 | C214: 1 | D214: 4 | E214: DC | F214: 300 | H214: Piattaforma Unica Nazionale (MASE/GSE) del 17/09/2024, estratta da onData, CC BY 4.0 | I214: 2024-09-17 | J214: =IF(B214="","",IFERROR(INDEX(aree_servizio!B:B,MATCH(B214,aree_servizio!A:A,0)),"?")) | K214: =IF(C214="","",IFERROR(INDEX(gestori_ricarica!B:B,MATCH(C214,gestori_ricarica!A:A,0)),"?"))
A215: 353 | B215: 13 | C215: 1 | D215: 2 | E215: DC | F215: 66 | H215: Piattaforma Unica Nazionale (MASE/GSE) del 17/09/2024, estratta da onData, CC BY 4.0 | I215: 2024-09-17 | J215: =IF(B215="","",IFERROR(INDEX(aree_servizio!B:B,MATCH(B215,aree_servizio!A:A,0)),"?")) | K215: =IF(C215="","",IFERROR(INDEX(gestori_ricarica!B:B,MATCH(C215,gestori_ricarica!A:A,0)),"?"))
... A406: 544 | B406: 354 | C406: 21 | D406: 1 | E406: DC | F406: 60 | H406: Piattaforma Unica Nazionale (MASE/GSE) del 17/09/2024, estratta da onData, CC BY 4.0: sede 'A23 Autostrada Palmanova-Tarvisio' (Go Electric Stations, EQLU/EQM1/EQRA), a 76 m da Zugliano Ovest e 124 m da Zugliano Est; assegnata a Zugliano Ovest perché l'altra sede (EQL1/EQLH/EQKJ) è a 50 m da Zugliano Est; sostituisce il punto Maglione da 60 kW dell'elenco Autovie del 01/10/2023, probabilmente lo stesso impianto | I406: 2024-09-17 | J406: =IF(B406="","",IFERROR(INDEX(aree_servizio!B:B,MATCH(B406,aree_servizio!A:A,0)),"?")) | K406: =IF(C406="","",IFERROR(INDEX(gestori_ricarica!B:B,MATCH(C406,gestori_ricarica!A:A,0)),"?"))
J407: =IF(B407="","",IFERROR(INDEX(aree_servizio!B:B,MATCH(B407,aree_servizio!A:A,0)),"?")) | K407: =IF(C407="","",IFERROR(INDEX(gestori_ricarica!B:B,MATCH(C407,gestori_ricarica!A:A,0)),"?"))
J408: =IF(B408="","",IFERROR(INDEX(aree_servizio!B:B,MATCH(B408,aree_servizio!A:A,0)),"?")) | K408: =IF(C408="","",IFERROR(INDEX(gestori_ricarica!B:B,MATCH(C408,gestori_ricarica!A:A,0)),"?"))
J409: =IF(B409="","",IFERROR(INDEX(aree_servizio!B:B,MATCH(B409,aree_servizio!A:A,0)),"?")) | K409: =IF(C409="","",IFERROR(INDEX(gestori_ricarica!B:B,MATCH(C409,gestori_ricarica!A:A,0)),"?"))
J410: =IF(B410="","",IFERROR(INDEX(aree_servizio!B:B,MATCH(B410,aree_servizio!A:A,0)),"?")) | K410: =IF(C410="","",IFERROR(INDEX(gestori_ricarica!B:B,MATCH(C410,gestori_ricarica!A:A,0)),"?"))
J411: =IF(B411="","",IFERROR(INDEX(aree_servizio!B:B,MATCH(B411,aree_servizio!A:A,0)),"?")) | K411: =IF(C411="","",IFERROR(INDEX(gestori_ricarica!B:B,MATCH(C411,gestori_ricarica!A:A,0)),"?"))
J412: =IF(B412="","",IFERROR(INDEX(aree_servizio!B:B,MATCH(B412,aree_servizio!A:A,0)),"?")) | K412: =IF(C412="","",IFERROR(INDEX(gestori_ricarica!B:B,MATCH(C412,gestori_ricarica!A:A,0)),"?"))
J413: =IF(B413="","",IFERROR(INDEX(aree_servizio!B:B,MATCH(B413,aree_servizio!A:A,0)),"?")) | K413: =IF(C413="","",IFERROR(INDEX(gestori_ricarica!B:B,MATCH(C413,gestori_ricarica!A:A,0)),"?"))
J414: =IF(B414="","",IFERROR(INDEX(aree_servizio!B:B,MATCH(B414,aree_servizio!A:A,0)),"?")) | K414: =IF(C414="","",IFERROR(INDEX(gestori_ricarica!B:B,MATCH(C414,gestori_ricarica!A:A,0)),"?"))
J415: =IF(B415="","",IFERROR(INDEX(aree_servizio!B:B,MATCH(B415,aree_servizio!A:A,0)),"?")) | K415: =IF(C415="","",IFERROR(INDEX(gestori_ricarica!B:B,MATCH(C415,gestori_ricarica!A:A,0)),"?"))
J416: =IF(B416="","",IFERROR(INDEX(aree_servizio!B:B,MATCH(B416,aree_servizio!A:A,0)),"?")) | K416: =IF(C416="","",IFERROR(INDEX(gestori_ricarica!B:B,MATCH(C416,gestori_ricarica!A:A,0)),"?"))
J417: =IF(B417="","",IFERROR(INDEX(aree_servizio!B:B,MATCH(B417,aree_servizio!A:A,0)),"?")) | K417: =IF(C417="","",IFERROR(INDEX(gestori_ricarica!B:B,MATCH(C417,gestori_ricarica!A:A,0)),"?"))
J418: =IF(B418="","",IFERROR(INDEX(aree_servizio!B:B,MATCH(B418,aree_servizio!A:A,0)),"?")) | K418: =IF(C418="","",IFERROR(INDEX(gestori_ricarica!B:B,MATCH(C418,gestori_ricarica!A:A,0)),"?"))
... J556: =IF(B556="","",IFERROR(INDEX(aree_servizio!B:B,MATCH(B556,aree_servizio!A:A,0)),"?")) | K556: =IF(C556="","",IFERROR(INDEX(gestori_ricarica!B:B,MATCH(C556,gestori_ricarica!A:A,0)),"?"))

Sheet aree_marche_carburante
A1: id_area | B1: id_marca | C1: _area | D1: _marca
A2: 1 | B2: 3 | C2: =IF(A2="","",IFERROR(INDEX(aree_servizio!B:B,MATCH(A2,aree_servizio!A:A,0)),"?")) | D2: =IF(B2="","",IFERROR(INDEX(marche_carburante!B:B,MATCH(B2,marche_carburante!A:A,0)),"?"))
A3: 9 | B3: 9 | C3: =IF(A3="","",IFERROR(INDEX(aree_servizio!B:B,MATCH(A3,aree_servizio!A:A,0)),"?")) | D3: =IF(B3="","",IFERROR(INDEX(marche_carburante!B:B,MATCH(B3,marche_carburante!A:A,0)),"?"))
A4: 26 | B4: 12 | C4: =IF(A4="","",IFERROR(INDEX(aree_servizio!B:B,MATCH(A4,aree_servizio!A:A,0)),"?")) | D4: =IF(B4="","",IFERROR(INDEX(marche_carburante!B:B,MATCH(B4,marche_carburante!A:A,0)),"?"))
A5: 54 | B5: 3 | C5: =IF(A5="","",IFERROR(INDEX(aree_servizio!B:B,MATCH(A5,aree_servizio!A:A,0)),"?")) | D5: =IF(B5="","",IFERROR(INDEX(marche_carburante!B:B,MATCH(B5,marche_carburante!A:A,0)),"?"))
A6: 81 | B6: 5 | C6: =IF(A6="","",IFERROR(INDEX(aree_servizio!B:B,MATCH(A6,aree_servizio!A:A,0)),"?")) | D6: =IF(B6="","",IFERROR(INDEX(marche_carburante!B:B,MATCH(B6,marche_carburante!A:A,0)),"?"))
A7: 106 | B7: 12 | C7: =IF(A7="","",IFERROR(INDEX(aree_servizio!B:B,MATCH(A7,aree_servizio!A:A,0)),"?")) | D7: =IF(B7="","",IFERROR(INDEX(marche_carburante!B:B,MATCH(B7,marche_carburante!A:A,0)),"?"))
A8: 124 | B8: 15 | C8: =IF(A8="","",IFERROR(INDEX(aree_servizio!B:B,MATCH(A8,aree_servizio!A:A,0)),"?")) | D8: =IF(B8="","",IFERROR(INDEX(marche_carburante!B:B,MATCH(B8,marche_carburante!A:A,0)),"?"))
A9: 125 | B9: 1 | C9: =IF(A9="","",IFERROR(INDEX(aree_servizio!B:B,MATCH(A9,aree_servizio!A:A,0)),"?")) | D9: =IF(B9="","",IFERROR(INDEX(marche_carburante!B:B,MATCH(B9,marche_carburante!A:A,0)),"?"))
A10: 133 | B10: 6 | C10: =IF(A10="","",IFERROR(INDEX(aree_servizio!B:B,MATCH(A10,aree_servizio!A:A,0)),"?")) | D10: =IF(B10="","",IFERROR(INDEX(marche_carburante!B:B,MATCH(B10,marche_carburante!A:A,0)),"?"))
A11: 135 | B11: 15 | C11: =IF(A11="","",IFERROR(INDEX(aree_servizio!B:B,MATCH(A11,aree_servizio!A:A,0)),"?")) | D11: =IF(B11="","",IFERROR(INDEX(marche_carburante!B:B,MATCH(B11,marche_carburante!A:A,0)),"?"))
A12: 137 | B12: 12 | C12: =IF(A12="","",IFERROR(INDEX(aree_servizio!B:B,MATCH(A12,aree_servizio!A:A,0)),"?")) | D12: =IF(B12="","",IFERROR(INDEX(marche_carburante!B:B,MATCH(B12,marche_carburante!A:A,0)),"?"))
A13: 139 | B13: 11 | C13: =IF(A13="","",IFERROR(INDEX(aree_servizio!B:B,MATCH(A13,aree_servizio!A:A,0)),"?")) | D13: =IF(B13="","",IFERROR(INDEX(marche_carburante!B:B,MATCH(B13,marche_carburante!A:A,0)),"?"))
... A470: 480 | B470: 9 | C470: =IF(A470="","",IFERROR(INDEX(aree_servizio!B:B,MATCH(A470,aree_servizio!A:A,0)),"?")) | D470: =IF(B470="","",IFERROR(INDEX(marche_carburante!B:B,MATCH(B470,marche_carburante!A:A,0)),"?"))
C471: =IF(A471="","",IFERROR(INDEX(aree_servizio!B:B,MATCH(A471,aree_servizio!A:A,0)),"?")) | D471: =IF(B471="","",IFERROR(INDEX(marche_carburante!B:B,MATCH(B471,marche_carburante!A:A,0)),"?"))
C472: =IF(A472="","",IFERROR(INDEX(aree_servizio!B:B,MATCH(A472,aree_servizio!A:A,0)),"?")) | D472: =IF(B472="","",IFERROR(INDEX(marche_carburante!B:B,MATCH(B472,marche_carburante!A:A,0)),"?"))
C473: =IF(A473="","",IFERROR(INDEX(aree_servizio!B:B,MATCH(A473,aree_servizio!A:A,0)),"?")) | D473: =IF(B473="","",IFERROR(INDEX(marche_carburante!B:B,MATCH(B473,marche_carburante!A:A,0)),"?"))
C474: =IF(A474="","",IFERROR(INDEX(aree_servizio!B:B,MATCH(A474,aree_servizio!A:A,0)),"?")) | D474: =IF(B474="","",IFERROR(INDEX(marche_carburante!B:B,MATCH(B474,marche_carburante!A:A,0)),"?"))
C475: =IF(A475="","",IFERROR(INDEX(aree_servizio!B:B,MATCH(A475,aree_servizio!A:A,0)),"?")) | D475: =IF(B475="","",IFERROR(INDEX(marche_carburante!B:B,MATCH(B475,marche_carburante!A:A,0)),"?"))
C476: =IF(A476="","",IFERROR(INDEX(aree_servizio!B:B,MATCH(A476,aree_servizio!A:A,0)),"?")) | D476: =IF(B476="","",IFERROR(INDEX(marche_carburante!B:B,MATCH(B476,marche_carburante!A:A,0)),"?"))
C477: =IF(A477="","",IFERROR(INDEX(aree_servizio!B:B,MATCH(A477,aree_servizio!A:A,0)),"?")) | D477: =IF(B477="","",IFERROR(INDEX(marche_carburante!B:B,MATCH(B477,marche_carburante!A:A,0)),"?"))
C478: =IF(A478="","",IFERROR(INDEX(aree_servizio!B:B,MATCH(A478,aree_servizio!A:A,0)),"?")) | D478: =IF(B478="","",IFERROR(INDEX(marche_carburante!B:B,MATCH(B478,marche_carburante!A:A,0)),"?"))
C479: =IF(A479="","",IFERROR(INDEX(aree_servizio!B:B,MATCH(A479,aree_servizio!A:A,0)),"?")) | D479: =IF(B479="","",IFERROR(INDEX(marche_carburante!B:B,MATCH(B479,marche_carburante!A:A,0)),"?"))
C480: =IF(A480="","",IFERROR(INDEX(aree_servizio!B:B,MATCH(A480,aree_servizio!A:A,0)),"?")) | D480: =IF(B480="","",IFERROR(INDEX(marche_carburante!B:B,MATCH(B480,marche_carburante!A:A,0)),"?"))
C481: =IF(A481="","",IFERROR(INDEX(aree_servizio!B:B,MATCH(A481,aree_servizio!A:A,0)),"?")) | D481: =IF(B481="","",IFERROR(INDEX(marche_carburante!B:B,MATCH(B481,marche_carburante!A:A,0)),"?"))
C482: =IF(A482="","",IFERROR(INDEX(aree_servizio!B:B,MATCH(A482,aree_servizio!A:A,0)),"?")) | D482: =IF(B482="","",IFERROR(INDEX(marche_carburante!B:B,MATCH(B482,marche_carburante!A:A,0)),"?"))
... C620: =IF(A620="","",IFERROR(INDEX(aree_servizio!B:B,MATCH(A620,aree_servizio!A:A,0)),"?")) | D620: =IF(B620="","",IFERROR(INDEX(marche_carburante!B:B,MATCH(B620,marche_carburante!A:A,0)),"?"))

Sheet aree_marche_ristorante
A1: id_area | B1: id_marca | C1: _area | D1: _marca
A2: 1 | B2: 2 | C2: =IF(A2="","",IFERROR(INDEX(aree_servizio!B:B,MATCH(A2,aree_servizio!A:A,0)),"?")) | D2: =IF(B2="","",IFERROR(INDEX(marche_ristorante!B:B,MATCH(B2,marche_ristorante!A:A,0)),"?"))
A3: 2 | B3: 2 | C3: =IF(A3="","",IFERROR(INDEX(aree_servizio!B:B,MATCH(A3,aree_servizio!A:A,0)),"?")) | D3: =IF(B3="","",IFERROR(INDEX(marche_ristorante!B:B,MATCH(B3,marche_ristorante!A:A,0)),"?"))
A4: 2 | B4: 9 | C4: =IF(A4="","",IFERROR(INDEX(aree_servizio!B:B,MATCH(A4,aree_servizio!A:A,0)),"?")) | D4: =IF(B4="","",IFERROR(INDEX(marche_ristorante!B:B,MATCH(B4,marche_ristorante!A:A,0)),"?"))
A5: 3 | B5: 2 | C5: =IF(A5="","",IFERROR(INDEX(aree_servizio!B:B,MATCH(A5,aree_servizio!A:A,0)),"?")) | D5: =IF(B5="","",IFERROR(INDEX(marche_ristorante!B:B,MATCH(B5,marche_ristorante!A:A,0)),"?"))
A6: 4 | B6: 2 | C6: =IF(A6="","",IFERROR(INDEX(aree_servizio!B:B,MATCH(A6,aree_servizio!A:A,0)),"?")) | D6: =IF(B6="","",IFERROR(INDEX(marche_ristorante!B:B,MATCH(B6,marche_ristorante!A:A,0)),"?"))
A7: 4 | B7: 17 | C7: =IF(A7="","",IFERROR(INDEX(aree_servizio!B:B,MATCH(A7,aree_servizio!A:A,0)),"?")) | D7: =IF(B7="","",IFERROR(INDEX(marche_ristorante!B:B,MATCH(B7,marche_ristorante!A:A,0)),"?"))
A8: 5 | B8: 6 | C8: =IF(A8="","",IFERROR(INDEX(aree_servizio!B:B,MATCH(A8,aree_servizio!A:A,0)),"?")) | D8: =IF(B8="","",IFERROR(INDEX(marche_ristorante!B:B,MATCH(B8,marche_ristorante!A:A,0)),"?"))
A9: 6 | B9: 2 | C9: =IF(A9="","",IFERROR(INDEX(aree_servizio!B:B,MATCH(A9,aree_servizio!A:A,0)),"?")) | D9: =IF(B9="","",IFERROR(INDEX(marche_ristorante!B:B,MATCH(B9,marche_ristorante!A:A,0)),"?"))
A10: 6 | B10: 17 | C10: =IF(A10="","",IFERROR(INDEX(aree_servizio!B:B,MATCH(A10,aree_servizio!A:A,0)),"?")) | D10: =IF(B10="","",IFERROR(INDEX(marche_ristorante!B:B,MATCH(B10,marche_ristorante!A:A,0)),"?"))
A11: 7 | B11: 2 | C11: =IF(A11="","",IFERROR(INDEX(aree_servizio!B:B,MATCH(A11,aree_servizio!A:A,0)),"?")) | D11: =IF(B11="","",IFERROR(INDEX(marche_ristorante!B:B,MATCH(B11,marche_ristorante!A:A,0)),"?"))
A12: 8 | B12: 6 | C12: =IF(A12="","",IFERROR(INDEX(aree_servizio!B:B,MATCH(A12,aree_servizio!A:A,0)),"?")) | D12: =IF(B12="","",IFERROR(INDEX(marche_ristorante!B:B,MATCH(B12,marche_ristorante!A:A,0)),"?"))
A13: 9 | B13: 15 | C13: =IF(A13="","",IFERROR(INDEX(aree_servizio!B:B,MATCH(A13,aree_servizio!A:A,0)),"?")) | D13: =IF(B13="","",IFERROR(INDEX(marche_ristorante!B:B,MATCH(B13,marche_ristorante!A:A,0)),"?"))
... A427: 453 | B427: 6 | C427: =IF(A427="","",IFERROR(INDEX(aree_servizio!B:B,MATCH(A427,aree_servizio!A:A,0)),"?")) | D427: =IF(B427="","",IFERROR(INDEX(marche_ristorante!B:B,MATCH(B427,marche_ristorante!A:A,0)),"?"))
C428: =IF(A428="","",IFERROR(INDEX(aree_servizio!B:B,MATCH(A428,aree_servizio!A:A,0)),"?")) | D428: =IF(B428="","",IFERROR(INDEX(marche_ristorante!B:B,MATCH(B428,marche_ristorante!A:A,0)),"?"))
C429: =IF(A429="","",IFERROR(INDEX(aree_servizio!B:B,MATCH(A429,aree_servizio!A:A,0)),"?")) | D429: =IF(B429="","",IFERROR(INDEX(marche_ristorante!B:B,MATCH(B429,marche_ristorante!A:A,0)),"?"))
C430: =IF(A430="","",IFERROR(INDEX(aree_servizio!B:B,MATCH(A430,aree_servizio!A:A,0)),"?")) | D430: =IF(B430="","",IFERROR(INDEX(marche_ristorante!B:B,MATCH(B430,marche_ristorante!A:A,0)),"?"))
C431: =IF(A431="","",IFERROR(INDEX(aree_servizio!B:B,MATCH(A431,aree_servizio!A:A,0)),"?")) | D431: =IF(B431="","",IFERROR(INDEX(marche_ristorante!B:B,MATCH(B431,marche_ristorante!A:A,0)),"?"))
C432: =IF(A432="","",IFERROR(INDEX(aree_servizio!B:B,MATCH(A432,aree_servizio!A:A,0)),"?")) | D432: =IF(B432="","",IFERROR(INDEX(marche_ristorante!B:B,MATCH(B432,marche_ristorante!A:A,0)),"?"))
C433: =IF(A433="","",IFERROR(INDEX(aree_servizio!B:B,MATCH(A433,aree_servizio!A:A,0)),"?")) | D433: =IF(B433="","",IFERROR(INDEX(marche_ristorante!B:B,MATCH(B433,marche_ristorante!A:A,0)),"?"))
C434: =IF(A434="","",IFERROR(INDEX(aree_servizio!B:B,MATCH(A434,aree_servizio!A:A,0)),"?")) | D434: =IF(B434="","",IFERROR(INDEX(marche_ristorante!B:B,MATCH(B434,marche_ristorante!A:A,0)),"?"))
C435: =IF(A435="","",IFERROR(INDEX(aree_servizio!B:B,MATCH(A435,aree_servizio!A:A,0)),"?")) | D435: =IF(B435="","",IFERROR(INDEX(marche_ristorante!B:B,MATCH(B435,marche_ristorante!A:A,0)),"?"))
C436: =IF(A436="","",IFERROR(INDEX(aree_servizio!B:B,MATCH(A436,aree_servizio!A:A,0)),"?")) | D436: =IF(B436="","",IFERROR(INDEX(marche_ristorante!B:B,MATCH(B436,marche_ristorante!A:A,0)),"?"))
C437: =IF(A437="","",IFERROR(INDEX(aree_servizio!B:B,MATCH(A437,aree_servizio!A:A,0)),"?")) | D437: =IF(B437="","",IFERROR(INDEX(marche_ristorante!B:B,MATCH(B437,marche_ristorante!A:A,0)),"?"))
C438: =IF(A438="","",IFERROR(INDEX(aree_servizio!B:B,MATCH(A438,aree_servizio!A:A,0)),"?")) | D438: =IF(B438="","",IFERROR(INDEX(marche_ristorante!B:B,MATCH(B438,marche_ristorante!A:A,0)),"?"))
C439: =IF(A439="","",IFERROR(INDEX(aree_servizio!B:B,MATCH(A439,aree_servizio!A:A,0)),"?")) | D439: =IF(B439="","",IFERROR(INDEX(marche_ristorante!B:B,MATCH(B439,marche_ristorante!A:A,0)),"?"))
... C577: =IF(A577="","",IFERROR(INDEX(aree_servizio!B:B,MATCH(A577,aree_servizio!A:A,0)),"?")) | D577: =IF(B577="","",IFERROR(INDEX(marche_ristorante!B:B,MATCH(B577,marche_ristorante!A:A,0)),"?"))

Sheet aree_servizi
A1: id_area | B1: id_servizio | C1: _area | D1: _servizio
A2: 1 | B2: 5 | C2: =IF(A2="","",IFERROR(INDEX(aree_servizio!B:B,MATCH(A2,aree_servizio!A:A,0)),"?")) | D2: =IF(B2="","",IFERROR(INDEX(servizi!B:B,MATCH(B2,servizi!A:A,0)),"?"))
A3: 1 | B3: 12 | C3: =IF(A3="","",IFERROR(INDEX(aree_servizio!B:B,MATCH(A3,aree_servizio!A:A,0)),"?")) | D3: =IF(B3="","",IFERROR(INDEX(servizi!B:B,MATCH(B3,servizi!A:A,0)),"?"))
A4: 1 | B4: 26 | C4: =IF(A4="","",IFERROR(INDEX(aree_servizio!B:B,MATCH(A4,aree_servizio!A:A,0)),"?")) | D4: =IF(B4="","",IFERROR(INDEX(servizi!B:B,MATCH(B4,servizi!A:A,0)),"?"))
A5: 2 | B5: 5 | C5: =IF(A5="","",IFERROR(INDEX(aree_servizio!B:B,MATCH(A5,aree_servizio!A:A,0)),"?")) | D5: =IF(B5="","",IFERROR(INDEX(servizi!B:B,MATCH(B5,servizi!A:A,0)),"?"))
A6: 2 | B6: 25 | C6: =IF(A6="","",IFERROR(INDEX(aree_servizio!B:B,MATCH(A6,aree_servizio!A:A,0)),"?")) | D6: =IF(B6="","",IFERROR(INDEX(servizi!B:B,MATCH(B6,servizi!A:A,0)),"?"))
A7: 2 | B7: 12 | C7: =IF(A7="","",IFERROR(INDEX(aree_servizio!B:B,MATCH(A7,aree_servizio!A:A,0)),"?")) | D7: =IF(B7="","",IFERROR(INDEX(servizi!B:B,MATCH(B7,servizi!A:A,0)),"?"))
A8: 2 | B8: 14 | C8: =IF(A8="","",IFERROR(INDEX(aree_servizio!B:B,MATCH(A8,aree_servizio!A:A,0)),"?")) | D8: =IF(B8="","",IFERROR(INDEX(servizi!B:B,MATCH(B8,servizi!A:A,0)),"?"))
A9: 2 | B9: 28 | C9: =IF(A9="","",IFERROR(INDEX(aree_servizio!B:B,MATCH(A9,aree_servizio!A:A,0)),"?")) | D9: =IF(B9="","",IFERROR(INDEX(servizi!B:B,MATCH(B9,servizi!A:A,0)),"?"))
A10: 2 | B10: 13 | C10: =IF(A10="","",IFERROR(INDEX(aree_servizio!B:B,MATCH(A10,aree_servizio!A:A,0)),"?")) | D10: =IF(B10="","",IFERROR(INDEX(servizi!B:B,MATCH(B10,servizi!A:A,0)),"?"))
A11: 2 | B11: 4 | C11: =IF(A11="","",IFERROR(INDEX(aree_servizio!B:B,MATCH(A11,aree_servizio!A:A,0)),"?")) | D11: =IF(B11="","",IFERROR(INDEX(servizi!B:B,MATCH(B11,servizi!A:A,0)),"?"))
A12: 2 | B12: 15 | C12: =IF(A12="","",IFERROR(INDEX(aree_servizio!B:B,MATCH(A12,aree_servizio!A:A,0)),"?")) | D12: =IF(B12="","",IFERROR(INDEX(servizi!B:B,MATCH(B12,servizi!A:A,0)),"?"))
A13: 2 | B13: 27 | C13: =IF(A13="","",IFERROR(INDEX(aree_servizio!B:B,MATCH(A13,aree_servizio!A:A,0)),"?")) | D13: =IF(B13="","",IFERROR(INDEX(servizi!B:B,MATCH(B13,servizi!A:A,0)),"?"))
... A2532: 427 | B2532: 26 | C2532: =IF(A2532="","",IFERROR(INDEX(aree_servizio!B:B,MATCH(A2532,aree_servizio!A:A,0)),"?")) | D2532: =IF(B2532="","",IFERROR(INDEX(servizi!B:B,MATCH(B2532,servizi!A:A,0)),"?"))
C2533: =IF(A2533="","",IFERROR(INDEX(aree_servizio!B:B,MATCH(A2533,aree_servizio!A:A,0)),"?")) | D2533: =IF(B2533="","",IFERROR(INDEX(servizi!B:B,MATCH(B2533,servizi!A:A,0)),"?"))
C2534: =IF(A2534="","",IFERROR(INDEX(aree_servizio!B:B,MATCH(A2534,aree_servizio!A:A,0)),"?")) | D2534: =IF(B2534="","",IFERROR(INDEX(servizi!B:B,MATCH(B2534,servizi!A:A,0)),"?"))
C2535: =IF(A2535="","",IFERROR(INDEX(aree_servizio!B:B,MATCH(A2535,aree_servizio!A:A,0)),"?")) | D2535: =IF(B2535="","",IFERROR(INDEX(servizi!B:B,MATCH(B2535,servizi!A:A,0)),"?"))
C2536: =IF(A2536="","",IFERROR(INDEX(aree_servizio!B:B,MATCH(A2536,aree_servizio!A:A,0)),"?")) | D2536: =IF(B2536="","",IFERROR(INDEX(servizi!B:B,MATCH(B2536,servizi!A:A,0)),"?"))
C2537: =IF(A2537="","",IFERROR(INDEX(aree_servizio!B:B,MATCH(A2537,aree_servizio!A:A,0)),"?")) | D2537: =IF(B2537="","",IFERROR(INDEX(servizi!B:B,MATCH(B2537,servizi!A:A,0)),"?"))
C2538: =IF(A2538="","",IFERROR(INDEX(aree_servizio!B:B,MATCH(A2538,aree_servizio!A:A,0)),"?")) | D2538: =IF(B2538="","",IFERROR(INDEX(servizi!B:B,MATCH(B2538,servizi!A:A,0)),"?"))
C2539: =IF(A2539="","",IFERROR(INDEX(aree_servizio!B:B,MATCH(A2539,aree_servizio!A:A,0)),"?")) | D2539: =IF(B2539="","",IFERROR(INDEX(servizi!B:B,MATCH(B2539,servizi!A:A,0)),"?"))
C2540: =IF(A2540="","",IFERROR(INDEX(aree_servizio!B:B,MATCH(A2540,aree_servizio!A:A,0)),"?")) | D2540: =IF(B2540="","",IFERROR(INDEX(servizi!B:B,MATCH(B2540,servizi!A:A,0)),"?"))
C2541: =IF(A2541="","",IFERROR(INDEX(aree_servizio!B:B,MATCH(A2541,aree_servizio!A:A,0)),"?")) | D2541: =IF(B2541="","",IFERROR(INDEX(servizi!B:B,MATCH(B2541,servizi!A:A,0)),"?"))
C2542: =IF(A2542="","",IFERROR(INDEX(aree_servizio!B:B,MATCH(A2542,aree_servizio!A:A,0)),"?")) | D2542: =IF(B2542="","",IFERROR(INDEX(servizi!B:B,MATCH(B2542,servizi!A:A,0)),"?"))
C2543: =IF(A2543="","",IFERROR(INDEX(aree_servizio!B:B,MATCH(A2543,aree_servizio!A:A,0)),"?")) | D2543: =IF(B2543="","",IFERROR(INDEX(servizi!B:B,MATCH(B2543,servizi!A:A,0)),"?"))
C2544: =IF(A2544="","",IFERROR(INDEX(aree_servizio!B:B,MATCH(A2544,aree_servizio!A:A,0)),"?")) | D2544: =IF(B2544="","",IFERROR(INDEX(servizi!B:B,MATCH(B2544,servizi!A:A,0)),"?"))
... C2682: =IF(A2682="","",IFERROR(INDEX(aree_servizio!B:B,MATCH(A2682,aree_servizio!A:A,0)),"?")) | D2682: =IF(B2682="","",IFERROR(INDEX(servizi!B:B,MATCH(B2682,servizi!A:A,0)),"?"))

Sheet aree_servizio
A1: id | B1: nome | C1: lat | D1: lon | E1: id_autostrada | F1: id_casello_direzione | G1: km | H1: lato | I1: attiva_2026 | J1: fonte_coordinate | K1: stato | L1: km_cippo | M1: _autostrada | N1: _direzione
A2: 1 | B2: S.Donato Ovest | C2: 45.42169 | D2: 9.251035 | E2: 1 | F2: 3 | G2: 0 | H2: Ovest | I2: -1 | J2: originale | K2: aperta | L2: 0 | M2: =IF(E2="","",IFERROR(INDEX(autostrade!B:B,MATCH(E2,autostrade!A:A,0)),"?")) | N2: =IF(F2="","",IFERROR(INDEX(caselli!B:B,MATCH(F2,caselli!A:A,0)),"?"))
A3: 2 | B3: S. Zenone Ovest | C3: 45.320415 | D3: 9.376749 | E3: 1 | F3: 3 | G3: 15.1 | H3: Ovest | I3: 1 | J3: originale | K3: aperta | L3: 15.1 | M3: =IF(E3="","",IFERROR(INDEX(autostrade!B:B,MATCH(E3,autostrade!A:A,0)),"?")) | N3: =IF(F3="","",IFERROR(INDEX(caselli!B:B,MATCH(F3,caselli!A:A,0)),"?"))
A4: 3 | B4: Somaglia Ovest | C4: 45.14197 | D4: 9.6340094 | E4: 1 | F4: 3 | G4: 43.5 | H4: Ovest | I4: 1 | J4: ministero | K4: aperta | L4: 43.5 | M4: =IF(E4="","",IFERROR(INDEX(autostrade!B:B,MATCH(E4,autostrade!A:A,0)),"?")) | N4: =IF(F4="","",IFERROR(INDEX(caselli!B:B,MATCH(F4,caselli!A:A,0)),"?"))
A5: 4 | B5: Arda Ovest | C5: 44.962295 | D5: 9.90515 | E5: 1 | F5: 3 | G5: 73.3 | H5: Ovest | I5: 1 | J5: originale | K5: aperta | L5: 73.3 | M5: =IF(E5="","",IFERROR(INDEX(autostrade!B:B,MATCH(E5,autostrade!A:A,0)),"?")) | N5: =IF(F5="","",IFERROR(INDEX(caselli!B:B,MATCH(F5,caselli!A:A,0)),"?"))
A6: 5 | B6: S.Martino Ovest | C6: 44.826034 | D6: 10.379451 | E6: 1 | F6: 3 | G6: 114.1 | H6: Ovest | I6: 1 | J6: originale | K6: aperta | L6: 114.1 | M6: =IF(E6="","",IFERROR(INDEX(autostrade!B:B,MATCH(E6,autostrade!A:A,0)),"?")) | N6: =IF(F6="","",IFERROR(INDEX(caselli!B:B,MATCH(F6,caselli!A:A,0)),"?"))
A7: 6 | B7: Secchia Ovest | C7: 44.661608 | D7: 10.856611 | E7: 1 | F7: 3 | G7: 156.5 | H7: Ovest | I7: 1 | J7: originale | K7: aperta | L7: 156.5 | M7: =IF(E7="","",IFERROR(INDEX(autostrade!B:B,MATCH(E7,autostrade!A:A,0)),"?")) | N7: =IF(F7="","",IFERROR(INDEX(caselli!B:B,MATCH(F7,caselli!A:A,0)),"?"))
A8: 7 | B8: Cantagallo Ovest | C8: 44.45601 | D8: 11.279817 | E8: 1 | F8: 3 | G8: 198.9 | H8: Ovest | I8: 1 | J8: originale | K8: aperta | L8: 198.9 | M8: =IF(E8="","",IFERROR(INDEX(autostrade!B:B,MATCH(E8,autostrade!A:A,0)),"?")) | N8: =IF(F8="","",IFERROR(INDEX(caselli!B:B,MATCH(F8,caselli!A:A,0)),"?"))
A9: 8 | B9: Roncobilaccio Ovest | C9: 44.116314 | D9: 11.231144 | E9: 1 | F9: 3 | G9: 242.6 | H9: Ovest | I9: 1 | J9: originale | K9: aperta | L9: 242.6 | M9: =IF(E9="","",IFERROR(INDEX(autostrade!B:B,MATCH(E9,autostrade!A:A,0)),"?")) | N9: =IF(F9="","",IFERROR(INDEX(caselli!B:B,MATCH(F9,caselli!A:A,0)),"?"))
A10: 9 | B10: Aglio Ovest | C10: 44.032672 | D10: 11.224823 | E10: 1 | F10: 3 | G10: 255.4 | H10: Ovest | I10: -1 | J10: originale | K10: aperta | L10: 255.4 | M10: =IF(E10="","",IFERROR(INDEX(autostrade!B:B,MATCH(E10,autostrade!A:A,0)),"?")) | N10: =IF(F10="","",IFERROR(INDEX(caselli!B:B,MATCH(F10,caselli!A:A,0)),"?"))
A11: 10 | B11: Bisenzio Ovest | C11: 43.83955 | D11: 11.162026 | E11: 1 | F11: 3 | G11: 279.8 | H11: Ovest | I11: 1 | J11: originale | K11: aperta | L11: 279.8 | M11: =IF(E11="","",IFERROR(INDEX(autostrade!B:B,MATCH(E11,autostrade!A:A,0)),"?")) | N11: =IF(F11="","",IFERROR(INDEX(caselli!B:B,MATCH(F11,caselli!A:A,0)),"?"))
A12: 11 | B12: Chianti Ovest | C12: 43.729398 | D12: 11.333529 | E12: 1 | F12: 3 | G12: 305.6 | H12: Ovest | I12: 1 | J12: originale | K12: aperta | L12: 305.6 | M12: =IF(E12="","",IFERROR(INDEX(autostrade!B:B,MATCH(E12,autostrade!A:A,0)),"?")) | N12: =IF(F12="","",IFERROR(INDEX(caselli!B:B,MATCH(F12,caselli!A:A,0)),"?"))
A13: 12 | B13: Arno Ovest | C13: 43.650041 | D13: 11.464536 | E13: 1 | F13: 3 | G13: 321.5 | H13: Ovest | I13: 1 | J13: originale | K13: aperta | L13: 321.5 | M13: =IF(E13="","",IFERROR(INDEX(autostrade!B:B,MATCH(E13,autostrade!A:A,0)),"?")) | N13: =IF(F13="","",IFERROR(INDEX(caselli!B:B,MATCH(F13,caselli!A:A,0)),"?"))
... A27: 26 | B27: Masseria Ovest | C27: 40.89103 | D27: 14.31693 | E27: 1 | F27: 3 | G27: 754 | H27: Ovest | I27: 1 | J27: google_maps | K27: chiusa (temporaneamente) | L27: 754 | M27: =IF(E27="","",IFERROR(INDEX(autostrade!B:B,MATCH(E27,autostrade!A:A,0)),"?")) | N27: =IF(F27="","",IFERROR(INDEX(caselli!B:B,MATCH(F27,caselli!A:A,0)),"?"))
A28: 27 | B28: Cittadella | C28: 40.886338 | D28: 14.316955 | E28: 1 | F28: 3 | G28: 755.7 | I28: 1 | J28: originale | K28: aperta | L28: 755.7 | M28: =IF(E28="","",IFERROR(INDEX(autostrade!B:B,MATCH(E28,autostrade!A:A,0)),"?")) | N28: =IF(F28="","",IFERROR(INDEX(caselli!B:B,MATCH(F28,caselli!A:A,0)),"?"))
A29: 28 | B29: Masseria Est | C29: 40.8921 | D29: 14.318813 | E29: 1 | F29: 1 | G29: 0 | H29: Est | I29: 1 | J29: originale | K29: aperta | L29: 753.1 | M29: =IF(E29="","",IFERROR(INDEX(autostrade!B:B,MATCH(E29,autostrade!A:A,0)),"?")) | N29: =IF(F29="","",IFERROR(INDEX(caselli!B:B,MATCH(F29,caselli!A:A,0)),"?"))
A30: 29 | B30: S. Nicola Est | C30: 41.05062 | D30: 14.322512 | E30: 1 | F30: 1 | G30: 16 | H30: Est | I30: 1 | J30: originale | K30: aperta | L30: 737.1 | M30: =IF(E30="","",IFERROR(INDEX(autostrade!B:B,MATCH(E30,autostrade!A:A,0)),"?")) | N30: =IF(F30="","",IFERROR(INDEX(caselli!B:B,MATCH(F30,caselli!A:A,0)),"?"))
A31: 30 | B31: Teano Est | C31: 41.234955 | D31: 14.093042 | E31: 1 | F31: 1 | G31: 45 | H31: Est | I31: 1 | J31: originale | K31: aperta | L31: 708.1 | M31: =IF(E31="","",IFERROR(INDEX(autostrade!B:B,MATCH(E31,autostrade!A:A,0)),"?")) | N31: =IF(F31="","",IFERROR(INDEX(caselli!B:B,MATCH(F31,caselli!A:A,0)),"?"))
A32: 31 | B32: Casilina Est | C32: 41.497471 | D32: 13.683434 | E32: 1 | F32: 1 | G32: 93 | H32: Est | I32: 1 | J32: originale | K32: aperta | L32: 660.1 | M32: =IF(E32="","",IFERROR(INDEX(autostrade!B:B,MATCH(E32,autostrade!A:A,0)),"?")) | N32: =IF(F32="","",IFERROR(INDEX(caselli!B:B,MATCH(F32,caselli!A:A,0)),"?"))
A33: 32 | B33: La Macchia Est | C33: 41.685933 | D33: 13.189461 | E33: 1 | F33: 1 | G33: 140 | H33: Est | I33: 1 | J33: originale | K33: aperta | L33: 613.1 | M33: =IF(E33="","",IFERROR(INDEX(autostrade!B:B,MATCH(E33,autostrade!A:A,0)),"?")) | N33: =IF(F33="","",IFERROR(INDEX(caselli!B:B,MATCH(F33,caselli!A:A,0)),"?"))
A34: 33 | B34: Prenestina Est | C34: 41.892398 | D34: 12.757634 | E34: 1 | F34: 1 | G34: 187 | H34: Est | I34: 1 | J34: originale | K34: aperta | L34: 566.1 | M34: =IF(E34="","",IFERROR(INDEX(autostrade!B:B,MATCH(E34,autostrade!A:A,0)),"?")) | N34: =IF(F34="","",IFERROR(INDEX(caselli!B:B,MATCH(F34,caselli!A:A,0)),"?"))
A35: 34 | B35: Mascherone Est | C35: 42.124321 | D35: 12.617774 | E35: 1 | F35: 1 | G35: 217 | H35: Est | I35: 1 | J35: originale | K35: aperta | L35: 536.1 | M35: =IF(E35="","",IFERROR(INDEX(autostrade!B:B,MATCH(E35,autostrade!A:A,0)),"?")) | N35: =IF(F35="","",IFERROR(INDEX(caselli!B:B,MATCH(F35,caselli!A:A,0)),"?"))
A36: 35 | B36: Flaminia Est | C36: 42.317009 | D36: 12.492393 | E36: 1 | F36: 1 | G36: 244 | H36: Est | I36: 1 | J36: originale | K36: aperta | L36: 509.1 | M36: =IF(E36="","",IFERROR(INDEX(autostrade!B:B,MATCH(E36,autostrade!A:A,0)),"?")) | N36: =IF(F36="","",IFERROR(INDEX(caselli!B:B,MATCH(F36,caselli!A:A,0)),"?"))
A37: 36 | B37: Giove Est | C37: 42.500532 | D37: 12.31175 | E37: 1 | F37: 1 | G37: 272 | H37: Est | I37: 1 | J37: originale | K37: aperta | L37: 481.1 | M37: =IF(E37="","",IFERROR(INDEX(autostrade!B:B,MATCH(E37,autostrade!A:A,0)),"?")) | N37: =IF(F37="","",IFERROR(INDEX(caselli!B:B,MATCH(F37,caselli!A:A,0)),"?"))
A38: 37 | B38: Tevere Est | C38: 42.625959 | D38: 12.231351 | E38: 1 | F38: 1 | G38: 288 | H38: Est | I38: 1 | J38: originale | K38: aperta | L38: 465.1 | M38: =IF(E38="","",IFERROR(INDEX(autostrade!B:B,MATCH(E38,autostrade!A:A,0)),"?")) | N38: =IF(F38="","",IFERROR(INDEX(caselli!B:B,MATCH(F38,caselli!A:A,0)),"?"))
A39: 38 | B39: Fabbro Est | C39: 42.876316 | D39: 12.018704 | E39: 1 | F39: 1 | G39: 326.2 | H39: Est | I39: 1 | J39: originale | K39: aperta | L39: 426.9 | M39: =IF(E39="","",IFERROR(INDEX(autostrade!B:B,MATCH(E39,autostrade!A:A,0)),"?")) | N39: =IF(F39="","",IFERROR(INDEX(caselli!B:B,MATCH(F39,caselli!A:A,0)),"?"))
A40: 39 | B40: Montepulciano Est | C40: 43.137152 | D40: 11.864536 | E40: 1 | F40: 1 | G40: 358 | H40: Est | I40: 1 | J40: originale | K40: aperta | L40: 395.1 | M40: =IF(E40="","",IFERROR(INDEX(autostrade!B:B,MATCH(E40,autostrade!A:A,0)),"?")) | N40: =IF(F40="","",IFERROR(INDEX(caselli!B:B,MATCH(F40,caselli!A:A,0)),"?"))
... A44: 43 | B44: Chianti Est | C44: 43.730077 | D44: 11.33239 | E44: 1 | F44: 1 | G44: 448 | H44: Est | I44: 1 | J44: originale | K44: aperta | L44: 305.1 | M44: =IF(E44="","",IFERROR(INDEX(autostrade!B:B,MATCH(E44,autostrade!A:A,0)),"?")) | N44: =IF(F44="","",IFERROR(INDEX(caselli!B:B,MATCH(F44,caselli!A:A,0)),"?"))
A45: 44 | B45: Firenze Nord | C45: 43.833023 | D45: 11.16018 | H45: Nord | I45: -1 | J45: google_maps | K45: aperta | M45: =IF(E45="","",IFERROR(INDEX(autostrade!B:B,MATCH(E45,autostrade!A:A,0)),"?")) | N45: =IF(F45="","",IFERROR(INDEX(caselli!B:B,MATCH(F45,caselli!A:A,0)),"?"))
A46: 45 | B46: Bisenzio Est | C46: 43.835524 | D46: 11.160042 | E46: 1 | F46: 1 | G46: 474 | H46: Est | I46: 1 | J46: google_maps | K46: aperta | L46: 279.1 | M46: =IF(E46="","",IFERROR(INDEX(autostrade!B:B,MATCH(E46,autostrade!A:A,0)),"?")) | N46: =IF(F46="","",IFERROR(INDEX(caselli!B:B,MATCH(F46,caselli!A:A,0)),"?"))
A47: 46 | B47: Aglio Est | C47: 44.028935 | D47: 11.225672 | E47: 1 | F47: 1 | G47: 497 | H47: Est | I47: 1 | J47: google_maps | K47: aperta | L47: 256.1 | M47: =IF(E47="","",IFERROR(INDEX(autostrade!B:B,MATCH(E47,autostrade!A:A,0)),"?")) | N47: =IF(F47="","",IFERROR(INDEX(caselli!B:B,MATCH(F47,caselli!A:A,0)),"?"))
A48: 47 | B48: Roncobilaccio Est | C48: 44.116584 | D48: 11.231874 | E48: 1 | F48: 1 | G48: 511 | H48: Est | I48: 1 | J48: originale | K48: aperta | L48: 242.1 | M48: =IF(E48="","",IFERROR(INDEX(autostrade!B:B,MATCH(E48,autostrade!A:A,0)),"?")) | N48: =IF(F48="","",IFERROR(INDEX(caselli!B:B,MATCH(F48,caselli!A:A,0)),"?"))
A49: 48 | B49: Cantagallo Est | C49: 44.457096 | D49: 11.280967 | E49: 1 | F49: 1 | G49: 554 | H49: Est | I49: 1 | J49: originale | K49: aperta | L49: 199.1 | M49: =IF(E49="","",IFERROR(INDEX(autostrade!B:B,MATCH(E49,autostrade!A:A,0)),"?")) | N49: =IF(F49="","",IFERROR(INDEX(caselli!B:B,MATCH(F49,caselli!A:A,0)),"?"))
A50: 49 | B50: Secchia Est | C50: 44.663146 | D50: 10.856207 | E50: 1 | F50: 1 | G50: 597 | H50: Est | I50: 1 | J50: originale | K50: aperta | L50: 156.1 | M50: =IF(E50="","",IFERROR(INDEX(autostrade!B:B,MATCH(E50,autostrade!A:A,0)),"?")) | N50: =IF(F50="","",IFERROR(INDEX(caselli!B:B,MATCH(F50,caselli!A:A,0)),"?"))
A51: 50 | B51: S.Martino Est | C51: 44.827578 | D51: 10.378118 | E51: 1 | F51: 1 | G51: 639 | H51: Est | I51: 1 | J51: originale | K51: aperta | L51: 114.1 | M51: =IF(E51="","",IFERROR(INDEX(autostrade!B:B,MATCH(E51,autostrade!A:A,0)),"?")) | N51: =IF(F51="","",IFERROR(INDEX(caselli!B:B,MATCH(F51,caselli!A:A,0)),"?"))
A52: 51 | B52: Arda Est | C52: 44.963366 | D52: 9.904833 | E52: 1 | F52: 1 | G52: 680 | H52: Est | I52: 1 | J52: originale | K52: aperta | L52: 73.1 | M52: =IF(E52="","",IFERROR(INDEX(autostrade!B:B,MATCH(E52,autostrade!A:A,0)),"?")) | N52: =IF(F52="","",IFERROR(INDEX(caselli!B:B,MATCH(F52,caselli!A:A,0)),"?"))
A53: 52 | B53: Somaglia Est | C53: 45.143142 | D53: 9.633814 | E53: 1 | F53: 1 | G53: 710 | H53: Est | I53: 1 | J53: originale | K53: aperta | L53: 43.1 | M53: =IF(E53="","",IFERROR(INDEX(autostrade!B:B,MATCH(E53,autostrade!A:A,0)),"?")) | N53: =IF(F53="","",IFERROR(INDEX(caselli!B:B,MATCH(F53,caselli!A:A,0)),"?"))
A54: 53 | B54: S. Zenone Est | C54: 45.322382 | D54: 9.375556 | E54: 1 | F54: 1 | G54: 738 | H54: Est | I54: 1 | J54: originale | K54: aperta | L54: 15.1 | M54: =IF(E54="","",IFERROR(INDEX(autostrade!B:B,MATCH(E54,autostrade!A:A,0)),"?")) | N54: =IF(F54="","",IFERROR(INDEX(caselli!B:B,MATCH(F54,caselli!A:A,0)),"?"))
A55: 54 | B55: S. Donato Est | C55: 45.422255 | D55: 9.251761 | E55: 1 | F55: 1 | G55: 753 | H55: Est | I55: -1 | J55: originale | K55: aperta | L55: 0.1 | M55: =IF(E55="","",IFERROR(INDEX(autostrade!B:B,MATCH(E55,autostrade!A:A,0)),"?")) | N55: =IF(F55="","",IFERROR(INDEX(caselli!B:B,MATCH(F55,caselli!A:A,0)),"?"))
A56: 55 | B56: Torre Annunziata Ovest | C56: 40.751763 | D56: 14.471662 | E56: 3 | F56: 58 | G56: 21.3 | H56: Ovest | I56: 1 | J56: originale | K56: aperta | L56: 21.3 | M56: =IF(E56="","",IFERROR(INDEX(autostrade!B:B,MATCH(E56,autostrade!A:A,0)),"?")) | N56: =IF(F56="","",IFERROR(INDEX(caselli!B:B,MATCH(F56,caselli!A:A,0)),"?"))
A57: 56 | B57: Alfaterna Ovest | C57: 40.73287 | D57: 14.678103 | E57: 3 | F57: 58 | G57: 40 | H57: Ovest | I57: 1 | J57: originale | K57: aperta | L57: 40 | M57: =IF(E57="","",IFERROR(INDEX(autostrade!B:B,MATCH(E57,autostrade!A:A,0)),"?")) | N57: =IF(F57="","",IFERROR(INDEX(caselli!B:B,MATCH(F57,caselli!A:A,0)),"?"))
... A128: 127 | B128: S.Vincent Chatillon Nord | C128: 45.748163 | D128: 7.622238 | E128: 5 | F128: 10 | G128: 83 | H128: Nord | I128: 1 | J128: originale | K128: aperta | L128: 83 | M128: =IF(E128="","",IFERROR(INDEX(autostrade!B:B,MATCH(E128,autostrade!A:A,0)),"?")) | N128: =IF(F128="","",IFERROR(INDEX(caselli!B:B,MATCH(F128,caselli!A:A,0)),"?"))
A129: 128 | B129: Les Îles de Brissogne | C129: 45.737005 | D129: 7.404956 | E129: 5 | F129: 10 | G129: 98 | I129: 1 | J129: originale | K129: aperta | L129: 98 | M129: =IF(E129="","",IFERROR(INDEX(autostrade!B:B,MATCH(E129,autostrade!A:A,0)),"?")) | N129: =IF(F129="","",IFERROR(INDEX(caselli!B:B,MATCH(F129,caselli!A:A,0)),"?"))
A130: 129 | B130: Autoporto di Aosta | C130: 45.737488 | D130: 7.369841 | E130: 5 | F130: 5 | G130: 17 | I130: 1 | J130: originale | K130: aperta | L130: 17 | M130: =IF(E130="","",IFERROR(INDEX(autostrade!B:B,MATCH(E130,autostrade!A:A,0)),"?")) | N130: =IF(F130="","",IFERROR(INDEX(caselli!B:B,MATCH(F130,caselli!A:A,0)),"?"))
A131: 130 | B131: S.Vincent Chatillon Sud | C131: 45.74725 | D131: 7.624438 | E131: 5 | F131: 5 | G131: 40 | H131: Sud | I131: 1 | J131: originale | K131: aperta | L131: 40 | M131: =IF(E131="","",IFERROR(INDEX(autostrade!B:B,MATCH(E131,autostrade!A:A,0)),"?")) | N131: =IF(F131="","",IFERROR(INDEX(caselli!B:B,MATCH(F131,caselli!A:A,0)),"?"))
A132: 131 | B132: Scarmagno Ovest | C132: 45.406881 | D132: 7.846342 | E132: 5 | F132: 5 | G132: 88 | H132: Ovest | I132: 1 | J132: originale | K132: aperta | L132: 88 | M132: =IF(E132="","",IFERROR(INDEX(autostrade!B:B,MATCH(E132,autostrade!A:A,0)),"?")) | N132: =IF(F132="","",IFERROR(INDEX(caselli!B:B,MATCH(F132,caselli!A:A,0)),"?"))
A133: 132 | B133: Rio Cocchi Ovest | C133: 44.873822 | D133: 7.746549 | E133: 6 | F133: 11 | G133: 11 | H133: Ovest | I133: 1 | J133: originale | K133: aperta | L133: 11 | M133: =IF(E133="","",IFERROR(INDEX(autostrade!B:B,MATCH(E133,autostrade!A:A,0)),"?")) | N133: =IF(F133="","",IFERROR(INDEX(caselli!B:B,MATCH(F133,caselli!A:A,0)),"?"))
A134: 133 | B134: Rio Colorè Ovest | C134: 44.703702 | D134: 7.762131 | E134: 6 | F134: 11 | G134: 30 | H134: Ovest | I134: 0 | J134: originale | K134: aperta | L134: 30 | M134: =IF(E134="","",IFERROR(INDEX(autostrade!B:B,MATCH(E134,autostrade!A:A,0)),"?")) | N134: =IF(F134="","",IFERROR(INDEX(caselli!B:B,MATCH(F134,caselli!A:A,0)),"?"))
A135: 134 | B135: Rio Ghidone Ovest | C135: 44.548554 | D135: 7.784772 | E135: 6 | F135: 11 | G135: 48 | H135: Ovest | I135: 1 | J135: originale | K135: aperta | L135: 48 | M135: =IF(E135="","",IFERROR(INDEX(autostrade!B:B,MATCH(E135,autostrade!A:A,0)),"?")) | N135: =IF(F135="","",IFERROR(INDEX(caselli!B:B,MATCH(F135,caselli!A:A,0)),"?"))
A136: 135 | B136: Mondovì Ovest | C136: 44.423821 | D136: 7.855352 | E136: 6 | F136: 11 | G136: 63 | H136: Ovest | I136: 1 | J136: originale | K136: aperta | L136: 63 | M136: =IF(E136="","",IFERROR(INDEX(autostrade!B:B,MATCH(E136,autostrade!A:A,0)),"?")) | N136: =IF(F136="","",IFERROR(INDEX(caselli!B:B,MATCH(F136,caselli!A:A,0)),"?"))
A137: 136 | B137: Priero Ovest | C137: 44.371822 | D137: 8.07671 | E137: 6 | F137: 11 | G137: 84 | H137: Ovest | I137: 1 | J137: originale | K137: aperta | L137: 84 | M137: =IF(E137="","",IFERROR(INDEX(autostrade!B:B,MATCH(E137,autostrade!A:A,0)),"?")) | N137: =IF(F137="","",IFERROR(INDEX(caselli!B:B,MATCH(F137,caselli!A:A,0)),"?"))
A138: 137 | B138: Cà Lidora Ovest | C138: 44.366291 | D138: 8.268458 | E138: 6 | F138: 11 | G138: 103 | H138: Ovest | I138: 1 | J138: originale | K138: aperta | L138: 103 | M138: =IF(E138="","",IFERROR(INDEX(autostrade!B:B,MATCH(E138,autostrade!A:A,0)),"?")) | N138: =IF(F138="","",IFERROR(INDEX(caselli!B:B,MATCH(F138,caselli!A:A,0)),"?"))
A139: 138 | B139: Carcare Est | C139: 44.346289 | D139: 8.301074 | E139: 6 | F139: 7 | G139: 18 | H139: Est | I139: 1 | J139: originale | K139: aperta | L139: 108 | M139: =IF(E139="","",IFERROR(INDEX(autostrade!B:B,MATCH(E139,autostrade!A:A,0)),"?")) | N139: =IF(F139="","",IFERROR(INDEX(caselli!B:B,MATCH(F139,caselli!A:A,0)),"?"))
A140: 139 | B140: Priero Est | C140: 44.373775 | D140: 8.078073 | E140: 6 | F140: 7 | G140: 42 | H140: Est | I140: 0 | J140: originale | K140: aperta | L140: 84 | M140: =IF(E140="","",IFERROR(INDEX(autostrade!B:B,MATCH(E140,autostrade!A:A,0)),"?")) | N140: =IF(F140="","",IFERROR(INDEX(caselli!B:B,MATCH(F140,caselli!A:A,0)),"?"))
A141: 140 | B141: Mondovì Est | C141: 44.434729 | D141: 7.850084 | E141: 6 | F141: 7 | G141: 65 | H141: Est | I141: 1 | J141: originale | K141: aperta | L141: 61 | M141: =IF(E141="","",IFERROR(INDEX(autostrade!B:B,MATCH(E141,autostrade!A:A,0)),"?")) | N141: =IF(F141="","",IFERROR(INDEX(caselli!B:B,MATCH(F141,caselli!A:A,0)),"?"))
A142: 141 | B142: Rio Ghidone Est | C142: 44.549217 | D142: 7.786128 | E142: 6 | F142: 7 | G142: 78 | H142: Est | I142: 1 | J142: originale | K142: aperta | L142: 48 | M142: =IF(E142="","",IFERROR(INDEX(autostrade!B:B,MATCH(E142,autostrade!A:A,0)),"?")) | N142: =IF(F142="","",IFERROR(INDEX(caselli!B:B,MATCH(F142,caselli!A:A,0)),"?"))
... A169: 168 | B169: Rio Rinovo Nord | C169: 43.958344 | D169: 8.134177 | E169: 10 | F169: 18 | G169: 95 | H169: Nord | I169: 1 | J169: originale | K169: aperta | L169: 95 | M169: =IF(E169="","",IFERROR(INDEX(autostrade!B:B,MATCH(E169,autostrade!A:A,0)),"?")) | N169: =IF(F169="","",IFERROR(INDEX(caselli!B:B,MATCH(F169,caselli!A:A,0)),"?"))
A170: 169 | B170: Castellaro | C170: 43.860207 | D170: 7.876795 | E170: 10 | F170: 18 | G170: 123 | I170: 1 | J170: originale | K170: aperta | L170: 123 | M170: =IF(E170="","",IFERROR(INDEX(autostrade!B:B,MATCH(E170,autostrade!A:A,0)),"?")) | N170: =IF(F170="","",IFERROR(INDEX(caselli!B:B,MATCH(F170,caselli!A:A,0)),"?"))
A171: 170 | B171: Bordighera Nord | C171: 43.798948 | D171: 7.690884 | E171: 10 | F171: 18 | G171: 143 | H171: Nord | I171: 1 | J171: originale | K171: aperta | L171: 143 | M171: =IF(E171="","",IFERROR(INDEX(autostrade!B:B,MATCH(E171,autostrade!A:A,0)),"?")) | N171: =IF(F171="","",IFERROR(INDEX(caselli!B:B,MATCH(F171,caselli!A:A,0)),"?"))
A172: 171 | B172: Autoporto Ventimiglia Nord | C172: 43.805736 | D172: 7.5911633 | E172: 10 | F172: 18 | G172: 152 | H172: Nord | I172: 1 | J172: google_maps | K172: aperta | L172: 152 | M172: =IF(E172="","",IFERROR(INDEX(autostrade!B:B,MATCH(E172,autostrade!A:A,0)),"?")) | N172: =IF(F172="","",IFERROR(INDEX(caselli!B:B,MATCH(F172,caselli!A:A,0)),"?"))
A173: 172 | B173: Autoporto Ventimiglia Sud | C173: 43.805736 | D173: 7.5911633 | E173: 10 | F173: 13 | G173: 6.5 | H173: Sud | I173: 1 | J173: google_maps | K173: aperta | L173: 151.5 | M173: =IF(E173="","",IFERROR(INDEX(autostrade!B:B,MATCH(E173,autostrade!A:A,0)),"?")) | N173: =IF(F173="","",IFERROR(INDEX(caselli!B:B,MATCH(F173,caselli!A:A,0)),"?"))
A174: 173 | B174: Bordighera Sud | C174: 43.798081 | D174: 7.691296 | E174: 10 | F174: 13 | G174: 15 | H174: Sud | I174: 1 | J174: originale | K174: aperta | L174: 143 | M174: =IF(E174="","",IFERROR(INDEX(autostrade!B:B,MATCH(E174,autostrade!A:A,0)),"?")) | N174: =IF(F174="","",IFERROR(INDEX(caselli!B:B,MATCH(F174,caselli!A:A,0)),"?"))
A175: 174 | B175: Conioli | C175: 43.850879 | D175: 7.909679 | E175: 10 | F175: 13 | G175: 38 | I175: 1 | J175: originale | K175: aperta | L175: 120 | M175: =IF(E175="","",IFERROR(INDEX(autostrade!B:B,MATCH(E175,autostrade!A:A,0)),"?")) | N175: =IF(F175="","",IFERROR(INDEX(caselli!B:B,MATCH(F175,caselli!A:A,0)),"?"))
A176: 175 | B176: Valle Chiappa Sud | C176: 43.942867 | D176: 8.113087 | E176: 10 | F176: 13 | G176: 60 | H176: Sud | I176: 1 | J176: originale | K176: aperta | L176: 98 | M176: =IF(E176="","",IFERROR(INDEX(autostrade!B:B,MATCH(E176,autostrade!A:A,0)),"?")) | N176: =IF(F176="","",IFERROR(INDEX(caselli!B:B,MATCH(F176,caselli!A:A,0)),"?"))
A177: 176 | B177: Ceriale Sud | C177: 44.08858 | D177: 8.207342 | E177: 10 | F177: 13 | G177: 81 | H177: Sud | I177: 1 | J177: originale | K177: aperta | L177: 77 | M177: =IF(E177="","",IFERROR(INDEX(autostrade!B:B,MATCH(E177,autostrade!A:A,0)),"?")) | N177: =IF(F177="","",IFERROR(INDEX(caselli!B:B,MATCH(F177,caselli!A:A,0)),"?"))
A178: 177 | B178: Borsana Sud | C178: 44.225339 | D178: 8.360303 | E178: 10 | F178: 13 | G178: 100 | H178: Sud | I178: 1 | J178: originale | K178: aperta | L178: 58 | M178: =IF(E178="","",IFERROR(INDEX(autostrade!B:B,MATCH(E178,autostrade!A:A,0)),"?")) | N178: =IF(F178="","",IFERROR(INDEX(caselli!B:B,MATCH(F178,caselli!A:A,0)),"?"))
A179: 178 | B179: Aurelia Sud | C179: 44.287392 | D179: 8.440233 | E179: 10 | F179: 13 | G179: 113 | H179: Sud | I179: 1 | J179: originale | K179: aperta | L179: 45 | M179: =IF(E179="","",IFERROR(INDEX(autostrade!B:B,MATCH(E179,autostrade!A:A,0)),"?")) | N179: =IF(F179="","",IFERROR(INDEX(caselli!B:B,MATCH(F179,caselli!A:A,0)),"?"))
A180: 179 | B180: S.Cristoforo Sud | C180: 44.303833 | D180: 8.4533333 | E180: 10 | F180: 13 | G180: 116 | H180: Sud | I180: 1 | J180: google_maps | K180: chiusa (temporaneamente) | L180: 42 | M180: =IF(E180="","",IFERROR(INDEX(autostrade!B:B,MATCH(E180,autostrade!A:A,0)),"?")) | N180: =IF(F180="","",IFERROR(INDEX(caselli!B:B,MATCH(F180,caselli!A:A,0)),"?"))
A181: 180 | B181: Piani d`Invrea Sud | C181: 44.369069 | D181: 8.610936 | E181: 10 | F181: 13 | G181: 132 | H181: Sud | I181: 1 | J181: originale | K181: aperta | L181: 26 | M181: =IF(E181="","",IFERROR(INDEX(autostrade!B:B,MATCH(E181,autostrade!A:A,0)),"?")) | N181: =IF(F181="","",IFERROR(INDEX(caselli!B:B,MATCH(F181,caselli!A:A,0)),"?"))
A182: 181 | B182: Peretola Nord | C182: 43.819784 | D182: 11.172744 | E182: 11 | F182: 20 | G182: 3 | H182: Nord | I182: 1 | J182: originale | K182: aperta | L182: 3 | M182: =IF(E182="","",IFERROR(INDEX(autostrade!B:B,MATCH(E182,autostrade!A:A,0)),"?")) | N182: =IF(F182="","",IFERROR(INDEX(caselli!B:B,MATCH(F182,caselli!A:A,0)),"?"))
A183: 182 | B183: Serravalle Nord | C183: 43.891326 | D183: 10.824323 | E183: 11 | F183: 20 | G183: 36 | H183: Nord | I183: 1 | J183: originale | K183: aperta | L183: 36 | M183: =IF(E183="","",IFERROR(INDEX(autostrade!B:B,MATCH(E183,autostrade!A:A,0)),"?")) | N183: =IF(F183="","",IFERROR(INDEX(caselli!B:B,MATCH(F183,caselli!A:A,0)),"?"))
A184: 183 | B184: Migliarino Nord | C184: 43.793718 | D184: 10.355043 | E184: 11 | F184: 20 | G184: 79 | H184: Nord | I184: 1 | J184: originale | K184: aperta | L184: 79 | M184: =IF(E184="","",IFERROR(INDEX(autostrade!B:B,MATCH(E184,autostrade!A:A,0)),"?")) | N184: =IF(F184="","",IFERROR(INDEX(caselli!B:B,MATCH(F184,caselli!A:A,0)),"?"))
A185: 184 | B185: Migliarino Sud | C185: 43.793525 | D185: 10.355822 | E185: 11 | F185: 19 | G185: 3 | H185: Sud | I185: 1 | J185: originale | K185: aperta | L185: 79 | M185: =IF(E185="","",IFERROR(INDEX(autostrade!B:B,MATCH(E185,autostrade!A:A,0)),"?")) | N185: =IF(F185="","",IFERROR(INDEX(caselli!B:B,MATCH(F185,caselli!A:A,0)),"?"))
A186: 185 | B186: Serravalle Sud | C186: 43.891173 | D186: 10.82596 | E186: 11 | F186: 19 | G186: 46 | H186: Sud | I186: 1 | J186: originale | K186: aperta | L186: 36 | M186: =IF(E186="","",IFERROR(INDEX(autostrade!B:B,MATCH(E186,autostrade!A:A,0)),"?")) | N186: =IF(F186="","",IFERROR(INDEX(caselli!B:B,MATCH(F186,caselli!A:A,0)),"?"))
A187: 186 | B187: Peretola Sud | C187: 43.818096 | D187: 11.173593 | E187: 11 | F187: 19 | G187: 79 | H187: Sud | I187: 1 | J187: originale | K187: aperta | L187: 3 | M187: =IF(E187="","",IFERROR(INDEX(autostrade!B:B,MATCH(E187,autostrade!A:A,0)),"?")) | N187: =IF(F187="","",IFERROR(INDEX(caselli!B:B,MATCH(F187,caselli!A:A,0)),"?"))
... A326: 325 | B326: Villanova Nord | C326: 44.950674 | D326: 7.950973 | E326: 21 | F326: 40 | G326: 225 | H326: Nord | I326: 1 | J326: originale | K326: aperta | L326: 13.2 | M326: =IF(E326="","",IFERROR(INDEX(autostrade!B:B,MATCH(E326,autostrade!A:A,0)),"?")) | N326: =IF(F326="","",IFERROR(INDEX(caselli!B:B,MATCH(F326,caselli!A:A,0)),"?"))
A327: 326 | B327: Autoporto | C327: 46.884776 | D327: 11.435044 | E327: 22 | F327: 42 | G327: 11 | I327: 1 | J327: originale | K327: aperta | L327: 11 | M327: =IF(E327="","",IFERROR(INDEX(autostrade!B:B,MATCH(E327,autostrade!A:A,0)),"?")) | N327: =IF(F327="","",IFERROR(INDEX(caselli!B:B,MATCH(F327,caselli!A:A,0)),"?"))
A328: 327 | B328: Trens Ovest | C328: 46.868254 | D328: 11.484274 | E328: 22 | F328: 42 | G328: 20 | H328: Ovest | I328: 1 | J328: originale | K328: aperta | L328: 20 | M328: =IF(E328="","",IFERROR(INDEX(autostrade!B:B,MATCH(E328,autostrade!A:A,0)),"?")) | N328: =IF(F328="","",IFERROR(INDEX(caselli!B:B,MATCH(F328,caselli!A:A,0)),"?"))
A329: 328 | B329: Plose Ovest | C329: 46.731962 | D329: 11.642237 | E329: 22 | F329: 42 | G329: 41.8 | H329: Ovest | I329: 1 | J329: originale | K329: aperta | L329: 41.8 | M329: =IF(E329="","",IFERROR(INDEX(autostrade!B:B,MATCH(E329,autostrade!A:A,0)),"?")) | N329: =IF(F329="","",IFERROR(INDEX(caselli!B:B,MATCH(F329,caselli!A:A,0)),"?"))
A330: 329 | B330: Sciliar Ovest | C330: 46.531459 | D330: 11.490655 | E330: 22 | F330: 42 | G330: 68.8 | H330: Ovest | I330: 1 | J330: originale | K330: aperta | L330: 68.8 | M330: =IF(E330="","",IFERROR(INDEX(autostrade!B:B,MATCH(E330,autostrade!A:A,0)),"?")) | N330: =IF(F330="","",IFERROR(INDEX(caselli!B:B,MATCH(F330,caselli!A:A,0)),"?"))
A331: 330 | B331: Castel Varco Laimburg Ovest | C331: 46.361132 | D331: 11.288641 | E331: 22 | F331: 42 | G331: 99.5 | H331: Ovest | I331: 1 | J331: originale | K331: aperta | L331: 99.5 | M331: =IF(E331="","",IFERROR(INDEX(autostrade!B:B,MATCH(E331,autostrade!A:A,0)),"?")) | N331: =IF(F331="","",IFERROR(INDEX(caselli!B:B,MATCH(F331,caselli!A:A,0)),"?"))
A332: 331 | B332: Paganella Ovest | C332: 46.140832 | D332: 11.086089 | E332: 22 | F332: 42 | G332: 128.7 | H332: Ovest | I332: 1 | J332: originale | K332: aperta | L332: 128.7 | M332: =IF(E332="","",IFERROR(INDEX(autostrade!B:B,MATCH(E332,autostrade!A:A,0)),"?")) | N332: =IF(F332="","",IFERROR(INDEX(caselli!B:B,MATCH(F332,caselli!A:A,0)),"?"))
A333: 332 | B333: Nogaredo Ovest | C333: 45.902502 | D333: 11.026514 | E333: 22 | F333: 42 | G333: 159.9 | H333: Ovest | I333: 1 | J333: originale | K333: aperta | L333: 159.9 | M333: =IF(E333="","",IFERROR(INDEX(autostrade!B:B,MATCH(E333,autostrade!A:A,0)),"?")) | N333: =IF(F333="","",IFERROR(INDEX(caselli!B:B,MATCH(F333,caselli!A:A,0)),"?"))
A334: 333 | B334: Adige Ovest | C334: 45.692512 | D334: 10.911194 | E334: 22 | F334: 42 | G334: 187.1 | H334: Ovest | I334: 1 | J334: ministero | K334: aperta | L334: 187.1 | M334: =IF(E334="","",IFERROR(INDEX(autostrade!B:B,MATCH(E334,autostrade!A:A,0)),"?")) | N334: =IF(F334="","",IFERROR(INDEX(caselli!B:B,MATCH(F334,caselli!A:A,0)),"?"))
A335: 334 | B335: Garda Ovest | C335: 45.54089 | D335: 10.779709 | E335: 22 | F335: 42 | G335: 207.6 | H335: Ovest | I335: 1 | J335: originale | K335: aperta | L335: 207.6 | M335: =IF(E335="","",IFERROR(INDEX(autostrade!B:B,MATCH(E335,autostrade!A:A,0)),"?")) | N335: =IF(F335="","",IFERROR(INDEX(caselli!B:B,MATCH(F335,caselli!A:A,0)),"?"))
A336: 335 | B336: Povegliano Ovest | C336: 45.297493 | D336: 10.896482 | E336: 22 | F336: 42 | G336: 240.4 | H336: Ovest | I336: 1 | J336: originale | K336: aperta | L336: 240.4 | M336: =IF(E336="","",IFERROR(INDEX(autostrade!B:B,MATCH(E336,autostrade!A:A,0)),"?")) | N336: =IF(F336="","",IFERROR(INDEX(caselli!B:B,MATCH(F336,caselli!A:A,0)),"?"))
A337: 336 | B337: Po Ovest | C337: 45.059526 | D337: 10.840453 | E337: 22 | F337: 42 | G337: 267.5 | H337: Ovest | I337: 1 | J337: originale | K337: aperta | L337: 267.5 | M337: =IF(E337="","",IFERROR(INDEX(autostrade!B:B,MATCH(E337,autostrade!A:A,0)),"?")) | N337: =IF(F337="","",IFERROR(INDEX(caselli!B:B,MATCH(F337,caselli!A:A,0)),"?"))
A338: 337 | B338: Campogalliano Ovest | C338: 44.702408 | D338: 10.84758 | E338: 22 | F338: 42 | G338: 308.5 | H338: Ovest | I338: 1 | J338: originale | K338: aperta | L338: 308.5 | M338: =IF(E338="","",IFERROR(INDEX(autostrade!B:B,MATCH(E338,autostrade!A:A,0)),"?")) | N338: =IF(F338="","",IFERROR(INDEX(caselli!B:B,MATCH(F338,caselli!A:A,0)),"?"))
A339: 338 | B339: Campogalliano Est | C339: 44.70477 | D339: 10.84868 | E339: 22 | F339: 41 | G339: 5 | H339: Est | I339: 1 | J339: originale | K339: aperta | L339: 307.8 | M339: =IF(E339="","",IFERROR(INDEX(autostrade!B:B,MATCH(E339,autostrade!A:A,0)),"?")) | N339: =IF(F339="","",IFERROR(INDEX(caselli!B:B,MATCH(F339,caselli!A:A,0)),"?"))
... A355: 354 | B355: Zugliano Ovest | C355: 46.014429 | D355: 13.218417 | E355: 23 | F355: 43 | G355: 106 | H355: Ovest | I355: 1 | J355: originale | K355: aperta | L355: 14.1 | M355: =IF(E355="","",IFERROR(INDEX(autostrade!B:B,MATCH(E355,autostrade!A:A,0)),"?")) | N355: =IF(F355="","",IFERROR(INDEX(caselli!B:B,MATCH(F355,caselli!A:A,0)),"?"))
A356: 355 | B356: Tiburtino | C356: 41.900457 | D356: 12.549298 | E356: 24 | F356: 47 | G356: 1.6 | I356: 1 | J356: originale | K356: aperta | L356: 1.6 | M356: =IF(E356="","",IFERROR(INDEX(autostrade!B:B,MATCH(E356,autostrade!A:A,0)),"?")) | N356: =IF(F356="","",IFERROR(INDEX(caselli!B:B,MATCH(F356,caselli!A:A,0)),"?"))
A357: 356 | B357: Colle Tasso Sud | C357: 41.927117 | D357: 12.738269 | E357: 24 | F357: 47 | G357: 18 | H357: Sud | I357: 1 | J357: originale | K357: aperta | L357: 18 | M357: =IF(E357="","",IFERROR(INDEX(autostrade!B:B,MATCH(E357,autostrade!A:A,0)),"?")) | N357: =IF(F357="","",IFERROR(INDEX(caselli!B:B,MATCH(F357,caselli!A:A,0)),"?"))
A358: 357 | B358: Civita Sud | C358: 42.066024 | D358: 13.037176 | E358: 24 | F358: 47 | G358: 47.7 | H358: Sud | I358: 1 | J358: originale | K358: aperta | L358: 47.7 | M358: =IF(E358="","",IFERROR(INDEX(autostrade!B:B,MATCH(E358,autostrade!A:A,0)),"?")) | N358: =IF(F358="","",IFERROR(INDEX(caselli!B:B,MATCH(F358,caselli!A:A,0)),"?"))
A359: 358 | B359: Valle Aterno Est | C359: 42.3463 | D359: 13.354805 | E359: 24 | F359: 47 | G359: 99.1 | H359: Est | I359: 1 | J359: originale | K359: aperta | L359: 99.1 | M359: =IF(E359="","",IFERROR(INDEX(autostrade!B:B,MATCH(E359,autostrade!A:A,0)),"?")) | N359: =IF(F359="","",IFERROR(INDEX(caselli!B:B,MATCH(F359,caselli!A:A,0)),"?"))
A360: 359 | B360: Valle Aterno Ovest | C360: 42.347378 | D360: 13.353361 | E360: 24 | F360: 46 | G360: 59 | H360: Ovest | I360: 1 | J360: originale | K360: aperta | L360: 100 | M360: =IF(E360="","",IFERROR(INDEX(autostrade!B:B,MATCH(E360,autostrade!A:A,0)),"?")) | N360: =IF(F360="","",IFERROR(INDEX(caselli!B:B,MATCH(F360,caselli!A:A,0)),"?"))
A361: 360 | B361: Civita Nord | C361: 42.067082 | D361: 13.037 | E361: 24 | F361: 46 | G361: 111.3 | H361: Nord | I361: 1 | J361: originale | K361: aperta | L361: 47.7 | M361: =IF(E361="","",IFERROR(INDEX(autostrade!B:B,MATCH(E361,autostrade!A:A,0)),"?")) | N361: =IF(F361="","",IFERROR(INDEX(caselli!B:B,MATCH(F361,caselli!A:A,0)),"?"))
A362: 361 | B362: Colle Tasso Nord | C362: 41.927664 | D362: 12.738766 | E362: 24 | F362: 46 | G362: 148 | H362: Nord | I362: 1 | J362: originale | K362: aperta | L362: 11 | M362: =IF(E362="","",IFERROR(INDEX(autostrade!B:B,MATCH(E362,autostrade!A:A,0)),"?")) | N362: =IF(F362="","",IFERROR(INDEX(caselli!B:B,MATCH(F362,caselli!A:A,0)),"?"))
A363: 362 | B363: La Rustica | C363: 41.916296 | D363: 12.602928 | E363: 24 | F363: 46 | G363: 158 | H363: Nord | I363: 1 | J363: riepilogo_web | K363: aperta | L363: 1 | M363: =IF(E363="","",IFERROR(INDEX(autostrade!B:B,MATCH(E363,autostrade!A:A,0)),"?")) | N363: =IF(F363="","",IFERROR(INDEX(caselli!B:B,MATCH(F363,caselli!A:A,0)),"?"))
A364: 363 | B364: Brecciarola Nord | C364: 42.325768 | D364: 14.086111 | E364: 25 | F364: 48 | G364: 81.6 | H364: Nord | I364: 1 | J364: originale | K364: aperta | L364: 102.6 | M364: =IF(E364="","",IFERROR(INDEX(autostrade!B:B,MATCH(E364,autostrade!A:A,0)),"?")) | N364: =IF(F364="","",IFERROR(INDEX(caselli!B:B,MATCH(F364,caselli!A:A,0)),"?"))
A365: 364 | B365: Monte Velino Nord | C365: 42.094604 | D365: 13.346469 | E365: 25 | F365: 48 | G365: 174.9 | H365: Nord | I365: 1 | J365: originale | K365: aperta | L365: 9.3 | M365: =IF(E365="","",IFERROR(INDEX(autostrade!B:B,MATCH(E365,autostrade!A:A,0)),"?")) | N365: =IF(F365="","",IFERROR(INDEX(caselli!B:B,MATCH(F365,caselli!A:A,0)),"?"))
...

Sheet autostrade
A1: id | B1: sigla | C1: tratta_europea | D1: nome | E1: id_casello_inizio | F1: id_casello_fine | G1: tipo
A2: 1 | B2: A1 | C2: E35 | D2: Milano - Napoli (Aut. del sole) | E2: 1 | F2: 3 | G2: autostrada
A3: 2 | B3: A2 | C3: E45 | D3: Salerno - Reggio Calabria (Autostrada del Mediterraneo) | E3: 58 | F3: 8 | G3: autostrada
A4: 3 | B4: A3 | C4: E45 | D4: Napoli - Salerno | E4: 4 | F4: 58 | G4: autostrada
A5: 4 | B5: A4 | C5: E70 | D5: Torino - Trieste | E5: 5 | F5: 9 | G5: autostrada
A6: 5 | B6: A5 | C6: E70 | D6: Torino - Aosta - M.Bianco | E6: 6 | F6: 10 | G6: autostrada
A7: 6 | B7: A6 | C7: E717 | D7: Torino - Savona (La Verdemare) | E7: 7 | F7: 11 | G7: autostrada
A8: 7 | B8: A7 | C8: E62 | D8: Milano - Genova | E8: 2 | F8: 13 | G8: autostrada
A9: 8 | B9: A8 | C9: E62 | D9: Milano - Varese (Aut. Dei laghi) | E9: 14 | F9: 15 | G9: autostrada
A10: 9 | B10: A9 | C10: E35 | D10: Lainate - Chiasso | E10: 16 | F10: 17 | G10: autostrada
A11: 10 | B11: A10 | C11: E80 | D11: Genova - Ventimiglia (Aut. Dei Fiori) | E11: 13 | F11: 18 | G11: autostrada
A12: 11 | B12: A11 | C12: E76 | D12: Firenze - Pisa (Aut.Firenze Mare) | E12: 19 | F12: 20 | G12: autostrada
A13: 12 | B13: A12 | C13: E80 | D13: Genova - Rosignano Marittimo (Aut. Azzurra) | E13: 12 | F13: 26 | G13: autostrada
... A54: 53 | B54: A35 | C54: - | D54: Brebemi (Brescia - Milano) | E54: 102 | F54: 103 | G54: autostrada

Sheet caselli
A1: id | B1: nome | C1: lat | D1: lon
A2: 1 | B2: Milano S.Giuliano | C2: 45.428378 | D2: 9.247174
A3: 2 | B3: Milano Famagosta | C3: 45.435488 | D3: 9.170119
A4: 3 | B4: Napoli Nord | C4: 40.852174 | D4: 14.317121
A5: 4 | B5: Napoli Porto | C5: 40.85096 | D5: 14.278839
A6: 5 | B6: Torino Corso Giulio | C6: 45.119597 | D6: 7.711595
A7: 6 | B7: Torino Nord - Settimo T. | C7: 45.142835 | D7: 7.732227
A8: 7 | B8: Torino Sud - Moncalieri | C8: 44.967808 | D8: 7.703304
A9: 8 | B9: Reggio Calabria | C9: 38.133513 | D9: 15.65809
A10: 9 | B10: Trieste Sistiana | C10: 45.767391 | D10: 13.648412
A11: 10 | B11: Courmayeur-Monte Bianco | C11: 45.78287 | D11: 6.967087
A12: 11 | B12: Savona Vado | C12: 44.290503 | D12: 8.4402
A13: 12 | B13: Genova Est | C13: 44.445195 | D13: 8.904768
... A88: 88 | B88: Santhià Ovest | C88: 45.372423 | D88: 8.122836
A89: 89 | B89: Pero (A4/A8)
A90: 90 | B90: San Giuliano Milanese (A1)
A91: 91 | B91: Melegnano (A1)
A92: 92 | B92: Vimercate (A4)
A93: 93 | B93: Rho (A4)
A94: 94 | B94: Cinisello Balsamo (A4)
A95: 95 | B95: Stura (A4/A5)
A96: 96 | B96: Moncalieri (A6)
A97: 97 | B97: Agrate (A4)
A98: 98 | B98: GRA km 0
A99: 99 | B99: GRA km 68
A100: 100 | B100: Roma (GRA)
... A107: 107 | B107: Torino

Sheet correzioni_log
A1: id | B1: data | C1: tabella | D1: id_riga | E1: campo | F1: vecchio | G1: nuovo | H1: motivo
A2: 1 | B2: 2026-10-03 | C2: autostrade | D2: 2 | E2: riga | F2: - | G2: A2 Salerno - Reggio Calabria | H2: dal 2016 la ex A3 Salerno-Reggio Calabria si chiama A2
A3: 2 | B3: 2026-10-03 | C3: autostrade | D3: 3 | E3: nome | F3: Napoli - Reggio Calabria | G3: Napoli - Salerno | H3: A3 resta solo Napoli-Salerno
A4: 3 | B4: 2026-10-03 | C4: tratte | D4: 3 | E4: id_autostrada | F4: 3 | G4: 2 | H4: Salerno-Reggio Calabria passa ad A2
A5: 4 | B5: 2026-10-03 | C5: aree_servizio | D5: 57 | E5: id_autostrada | F5: 3 | G5: 2 | H5: area sulla Salerno-Reggio Calabria: A2 (indirizzi Ministero "A2 Autostrada del Mediterraneo")
A6: 5 | B6: 2026-10-03 | C6: aree_servizio | D6: 58 | E6: id_autostrada | F6: 3 | G6: 2 | H6: area sulla Salerno-Reggio Calabria: A2 (indirizzi Ministero "A2 Autostrada del Mediterraneo")
A7: 6 | B7: 2026-10-03 | C7: aree_servizio | D7: 59 | E7: id_autostrada | F7: 3 | G7: 2 | H7: area sulla Salerno-Reggio Calabria: A2 (indirizzi Ministero "A2 Autostrada del Mediterraneo")
A8: 7 | B8: 2026-10-03 | C8: aree_servizio | D8: 60 | E8: id_autostrada | F8: 3 | G8: 2 | H8: area sulla Salerno-Reggio Calabria: A2 (indirizzi Ministero "A2 Autostrada del Mediterraneo")
A9: 8 | B9: 2026-10-03 | C9: aree_servizio | D9: 61 | E9: id_autostrada | F9: 3 | G9: 2 | H9: area sulla Salerno-Reggio Calabria: A2 (indirizzi Ministero "A2 Autostrada del Mediterraneo")
A10: 9 | B10: 2026-10-03 | C10: aree_servizio | D10: 62 | E10: id_autostrada | F10: 3 | G10: 2 | H10: area sulla Salerno-Reggio Calabria: A2 (indirizzi Ministero "A2 Autostrada del Mediterraneo")
A11: 10 | B11: 2026-10-03 | C11: aree_servizio | D11: 63 | E11: id_autostrada | F11: 3 | G11: 2 | H11: area sulla Salerno-Reggio Calabria: A2 (indirizzi Ministero "A2 Autostrada del Mediterraneo")
A12: 11 | B12: 2026-10-03 | C12: aree_servizio | D12: 64 | E12: id_autostrada | F12: 3 | G12: 2 | H12: area sulla Salerno-Reggio Calabria: A2 (indirizzi Ministero "A2 Autostrada del Mediterraneo")
A13: 12 | B13: 2026-10-03 | C13: aree_servizio | D13: 65 | E13: id_autostrada | F13: 3 | G13: 2 | H13: area sulla Salerno-Reggio Calabria: A2 (indirizzi Ministero "A2 Autostrada del Mediterraneo")
... A263: 262 | B263: 2026-10-18 | C263: aree_servizio | D263: 9 | E263: attiva_2026 | F263: -1 | G263: -1 | H263: ricontrollata il 18/10/2026: resta esclusa. Area dismessa sulla vecchia carreggiata A1 ad Aglio (Wikipedia, voce Autostrada A1 var: 'dismessa'; notizia di chiusura su trasporti-italia.com); in direzione Firenze/Napoli la sostituisce Badia Nuova Ovest (aperta 1/04/2016). Nessun impianto del Ministero. Le schede online con Q8/Sarni al km 256,4 sono dati vecchi. Corretto il motivo dell'esclusione del 3/10.
A264: 263 | B264: 2026-10-18 | C264: aree_servizio | E264: km_cippo | G264: nuova colonna | H264: km ufficiale da mostrare (cippo, contato dall'inizio dell'autostrada). 'km' resta progressivo nel senso di marcia per il calcolo. 202 aree nella carreggiata verso l'inizio convertite con L - km (L = mediana di km Est + km Ovest delle coppie affacciate, per autostrada); le altre uguali a km. Precisione circa ±2 km dove le coppie non sono allineate.

Sheet da_verificare
A1: tabella | B1: id | C1: campo | D1: problema
A2: aree_marche_carburante | B2: 44 | C2: marca | D2: marca carburante mancante ("-")
A3: aree_marche_carburante | B3: 326 | C3: marca | D3: marca carburante mancante ("-")
A4: aree_marche_carburante | B4: 338 | C4: marca | D4: marca carburante mancante ("-")
A5: aree_marche_carburante | B5: 399 | C5: marca | D5: marca carburante mancante ("-")
A6: aree_marche_carburante | B6: 400 | C6: marca | D6: marca carburante mancante ("-")
A7: aree_marche_carburante | B7: 401 | C7: marca | D7: marca carburante mancante ("-")
A8: aree_marche_carburante | B8: 402 | C8: marca | D8: marca carburante mancante ("-")
A9: aree_marche_carburante | B9: 403 | C9: marca | D9: marca carburante mancante ("-")
A10: aree_marche_carburante | B10: 404 | C10: marca | D10: marca carburante mancante ("-")
A11: aree_marche_carburante | B11: 433 | C11: marca | D11: marca carburante mancante ("-")
A12: aree_marche_carburante | B12: 434 | C12: marca | D12: marca carburante mancante ("-")
A13: aree_marche_ristorante | B13: 44 | C13: marca | D13: nessuna marca ristorante ("-")
... A207: aree_servizio | B207: 480 | C207: stato | D207: Tangenziale di Napoli: nella schermata le tre aree sul lato verso Capodichino (Antica Campana Est, Agnano Est, Scudillo Est) hanno il semaforo rosso: forse chiusure temporanee per i lavori notturni; non segnate come chiuse

Sheet gestori_ricarica
A1: id | B1: nome
A2: 1 | B2: Free To X
A3: 2 | B3: Ionity
A4: 3 | B4: Enel X Way
A5: 4 | B5: Be Charge
A6: 5 | B6: Ewiva
A7: 6 | B7: Altro gestore
A8: 7 | B8: EG Italia
A9: 8 | B9: Enilive
A10: 9 | B10: IP
A11: 10 | B11: Agea Hotel
A12: 11 | B12: Autogrill
A13: 12 | B13: Tamoil
... A23: 22 | B23: Atlante

Sheet impianti_ministero
A1: id_area | B1: id_impianto | C1: bandiera_attuale | D1: criterio | E1: affidabilita | F1: distanza_coordinate_km | G1: _area
A2: 176 | B2: 3850 | C2: Agip Eni | D2: nome+posizione | E2: alta | F2: 0 | G2: =IF(A2="","",IFERROR(INDEX(aree_servizio!B:B,MATCH(A2,aree_servizio!A:A,0)),"?"))
A3: 82 | B3: 3987 | C3: Agip Eni | D3: nome (SETTIMO TORINESE SUD) + km + direzione Milano; coordinate del Ministero a 594 m dall'area | E3: alta | F3: 0.59 | G3: =IF(A3="","",IFERROR(INDEX(aree_servizio!B:B,MATCH(A3,aree_servizio!A:A,0)),"?"))
A4: 271 | B4: 37044 | C4: Agip Eni | D4: nome+posizione | E4: alta | F4: 0 | G4: =IF(A4="","",IFERROR(INDEX(aree_servizio!B:B,MATCH(A4,aree_servizio!A:A,0)),"?"))
A5: 57 | B5: 50581 | C5: Agip Eni | D5: nome+posizione | E5: alta | F5: 0 | G5: =IF(A5="","",IFERROR(INDEX(aree_servizio!B:B,MATCH(A5,aree_servizio!A:A,0)),"?"))
A6: 43 | B6: 3486 | C6: Api-Ip | D6: nome+posizione | E6: alta | F6: 0 | G6: =IF(A6="","",IFERROR(INDEX(aree_servizio!B:B,MATCH(A6,aree_servizio!A:A,0)),"?"))
A7: 14 | B7: 29384 | C7: Q8 | D7: nome+posizione | E7: alta | F7: 0.01 | G7: =IF(A7="","",IFERROR(INDEX(aree_servizio!B:B,MATCH(A7,aree_servizio!A:A,0)),"?"))
A8: 27 | B8: 62705 | C8: Sarni Oil | D8: nome+posizione | E8: alta | F8: 0.01 | G8: =IF(A8="","",IFERROR(INDEX(aree_servizio!B:B,MATCH(A8,aree_servizio!A:A,0)),"?"))
A9: 27 | B9: 41853 | C9: Sarni Oil | D9: nome+posizione | E9: alta | F9: 0.01 | G9: =IF(A9="","",IFERROR(INDEX(aree_servizio!B:B,MATCH(A9,aree_servizio!A:A,0)),"?"))
A10: 192 | B10: 3563 | C10: Esso | D10: nome+posizione | E10: alta | F10: 0.01 | G10: =IF(A10="","",IFERROR(INDEX(aree_servizio!B:B,MATCH(A10,aree_servizio!A:A,0)),"?"))
A11: 373 | B11: 40495 | C11: Tamoil | D11: nome+posizione | E11: alta | F11: 0.01 | G11: =IF(A11="","",IFERROR(INDEX(aree_servizio!B:B,MATCH(A11,aree_servizio!A:A,0)),"?"))
A12: 221 | B12: 53675 | C12: Api-Ip | D12: nome+posizione | E12: alta | F12: 0.01 | G12: =IF(A12="","",IFERROR(INDEX(aree_servizio!B:B,MATCH(A12,aree_servizio!A:A,0)),"?"))
A13: 235 | B13: 62727 | C13: Esso | D13: nome+posizione | E13: alta | F13: 0.01 | G13: =IF(A13="","",IFERROR(INDEX(aree_servizio!B:B,MATCH(A13,aree_servizio!A:A,0)),"?"))
... A453: 60 | B453: 59039 | C453: Q8 | D453: nome + km coerente (coordinate del Ministero imprecise) | E453: alta | F453: 6.24 | G453: =IF(A453="","",IFERROR(INDEX(aree_servizio!B:B,MATCH(A453,aree_servizio!A:A,0)),"?"))
A454: 3 | B454: 3473 | C454: Agip Eni | D454: solo nome (area senza coordinate) | E454: alta | G454: =IF(A454="","",IFERROR(INDEX(aree_servizio!B:B,MATCH(A454,aree_servizio!A:A,0)),"?"))
A455: 44 | B455: 62720 | C455: Sarni Oil | D455: impianto classificato autostradale dal Ministero ma probabilmente su strada locale | E455: media | F455: 0.04 | G455: =IF(A455="","",IFERROR(INDEX(aree_servizio!B:B,MATCH(A455,aree_servizio!A:A,0)),"?"))
A456: 44 | B456: 36724 | C456: Sarni Oil | D456: impianto classificato autostradale dal Ministero ma probabilmente su strada locale | E456: media | F456: 0.04 | G456: =IF(A456="","",IFERROR(INDEX(aree_servizio!B:B,MATCH(A456,aree_servizio!A:A,0)),"?"))
A457: 154 | B457: 44860 | C457: Api-Ip | D457: stesso luogo (coordinate coincidenti), nome diverso | E457: alta | F457: 0.12 | G457: =IF(A457="","",IFERROR(INDEX(aree_servizio!B:B,MATCH(A457,aree_servizio!A:A,0)),"?"))
A458: 127 | B458: 52063 | C458: Api-Ip | D458: stesso luogo (coordinate coincidenti), nome diverso | E458: alta | F458: 0 | G458: =IF(A458="","",IFERROR(INDEX(aree_servizio!B:B,MATCH(A458,aree_servizio!A:A,0)),"?"))
A459: 130 | B459: 47886 | C459: Agip Eni | D459: stesso luogo (coordinate coincidenti), nome diverso | E459: alta | F459: 0.03 | G459: =IF(A459="","",IFERROR(INDEX(aree_servizio!B:B,MATCH(A459,aree_servizio!A:A,0)),"?"))
A460: 129 | B460: 60161 | C460: Pompe Bianche | D460: stesso luogo (coordinate coincidenti), nome diverso | E460: alta | F460: 0.01 | G460: =IF(A460="","",IFERROR(INDEX(aree_servizio!B:B,MATCH(A460,aree_servizio!A:A,0)),"?"))
A461: 345 | B461: 41081 | C461: Tamoil | D461: stesso luogo (coordinate coincidenti), nome diverso | E461: alta | F461: 0.01 | G461: =IF(A461="","",IFERROR(INDEX(aree_servizio!B:B,MATCH(A461,aree_servizio!A:A,0)),"?"))
A462: 326 | B462: 51972 | C462: Agip Eni | D462: stesso luogo (coordinate coincidenti), nome diverso | E462: alta | F462: 0.48 | G462: =IF(A462="","",IFERROR(INDEX(aree_servizio!B:B,MATCH(A462,aree_servizio!A:A,0)),"?"))
A463: 426 | B463: 62774 | C463: Agip Eni | D463: stesso luogo (coordinate coincidenti), nome diverso | E463: alta | F463: 0.01 | G463: =IF(A463="","",IFERROR(INDEX(aree_servizio!B:B,MATCH(A463,aree_servizio!A:A,0)),"?"))
A464: 426 | B464: 42903 | C464: Agip Eni | D464: stesso luogo (coordinate coincidenti), nome diverso | E464: alta | F464: 0.01 | G464: =IF(A464="","",IFERROR(INDEX(aree_servizio!B:B,MATCH(A464,aree_servizio!A:A,0)),"?"))
A465: 430 | B465: 22226 | C465: Agip Eni | D465: stesso luogo (coordinate coincidenti), nome diverso | E465: alta | F465: 0.03 | G465: =IF(A465="","",IFERROR(INDEX(aree_servizio!B:B,MATCH(A465,aree_servizio!A:A,0)),"?"))
A466: 333 | B466: 62753 | C466: Sarni Oil | D466: nome + km + autostrada | E466: alta | F466: 0 | G466: =IF(A466="","",IFERROR(INDEX(aree_servizio!B:B,MATCH(A466,aree_servizio!A:A,0)),"?"))
... A528: 362 | B528: 48564 | C528: Q8 | D528: nome (LA RUSTICA NORD) + posizione (10 m) + A24 km 1 | E528: alta | F528: 0.01 | G528: =IF(A528="","",IFERROR(INDEX(aree_servizio!B:B,MATCH(A528,aree_servizio!A:A,0)),"?"))

Sheet info_aggiornamento
A1: chiave | B1: valore
A2: fonte | B2: MIMIT Osservaprezzi Carburanti, open data IODL 2.0
A3: data_estrazione | B3: 2026-10-01
A4: nota | B4: prezzi alle ore 8 del giorno precedente; coordinate del Ministero inserite dai gestori e non sempre verificate
A5: nota_app | B5: le aree con attiva_2026=0 sono nascoste nell'app finché non verificate
A6: correzioni | B6: 3 ottobre 2026: vedi tabella correzioni_log
A7: attiva_2026 | B7: 1 = visibile; 0 = nascosta (non trovata nel Ministero); -1 = esclusa (non è su autostrada)
A8: tipo_autostrade | B8: autostrade.tipo = tangenziale usa una tolleranza di posizione ridotta nel motore
A9: stato | B9: aree_servizio.stato: aperta oppure chiusa (temporaneamente); l'app mostra un avviso
A10: data_cambi | B10: 2026-10-16

Sheet marche_carburante
A1: id | B1: nome
A2: 1 | B2: Agip
A3: 2 | B3: Api
A4: 3 | B4: Eni
A5: 4 | B5: Erg
A6: 5 | B6: Esso
A7: 6 | B7: IP
A8: 7 | B8: Ies
A9: 8 | B9: Omv
A10: 9 | B10: Q8
A11: 10 | B11: Repsol
A12: 11 | B12: Shell
A13: 12 | B13: Tamoil
... A23: 22 | B23: RPetroli

Sheet marche_ristorante
A1: id | B1: nome
A2: 1 | B2: Alemagna
A3: 2 | B3: Autogrill
A4: 3 | B4: Bauli
A5: 4 | B5: Burger King
A6: 5 | B6: Camst
A7: 6 | B7: Chef Express
A8: 7 | B8: Ciao
A9: 8 | B9: Fini
A10: 9 | B10: Mc Donald's
A11: 10 | B11: Miramare
A12: 11 | B12: My Chef
A13: 12 | B13: Pramagrill
... A19: 18 | B19: EuroChef

Sheet prezzi
A1: id_area | B1: id_impianto | C1: carburante | D1: modalita | E1: prezzo | F1: data_comunicazione | G1: data_estrazione | H1: _area
A2: 385 | B2: 57735 | C2: Benzina | D2: servito | E2: 2.489 | F2: 2026-07-23 07:53 | G2: 2026-10-01 | H2: =IF(A2="","",IFERROR(INDEX(aree_servizio!B:B,MATCH(A2,aree_servizio!A:A,0)),"?"))
A3: 385 | B3: 57735 | C3: Gasolio | D3: servito | E3: 2.575 | F3: 2026-07-23 07:53 | G3: 2026-10-01 | H3: =IF(A3="","",IFERROR(INDEX(aree_servizio!B:B,MATCH(A3,aree_servizio!A:A,0)),"?"))
A4: 384 | B4: 57733 | C4: Gasolio | D4: servito | E4: 2.575 | F4: 2026-07-23 07:53 | G4: 2026-10-01 | H4: =IF(A4="","",IFERROR(INDEX(aree_servizio!B:B,MATCH(A4,aree_servizio!A:A,0)),"?"))
A5: 384 | B5: 57733 | C5: Benzina | D5: self | E5: 2.289 | F5: 2026-07-23 07:53 | G5: 2026-10-01 | H5: =IF(A5="","",IFERROR(INDEX(aree_servizio!B:B,MATCH(A5,aree_servizio!A:A,0)),"?"))
A6: 384 | B6: 57733 | C6: Benzina | D6: servito | E6: 2.489 | F6: 2026-07-23 07:53 | G6: 2026-10-01 | H6: =IF(A6="","",IFERROR(INDEX(aree_servizio!B:B,MATCH(A6,aree_servizio!A:A,0)),"?"))
A7: 384 | B7: 57733 | C7: Gasolio | D7: self | E7: 2.375 | F7: 2026-07-23 07:53 | G7: 2026-10-01 | H7: =IF(A7="","",IFERROR(INDEX(aree_servizio!B:B,MATCH(A7,aree_servizio!A:A,0)),"?"))
A8: 385 | B8: 57735 | C8: Gasolio | D8: self | E8: 2.375 | F8: 2026-07-23 07:53 | G8: 2026-10-01 | H8: =IF(A8="","",IFERROR(INDEX(aree_servizio!B:B,MATCH(A8,aree_servizio!A:A,0)),"?"))
A9: 385 | B9: 57735 | C9: Benzina | D9: self | E9: 2.289 | F9: 2026-07-23 07:53 | G9: 2026-10-01 | H9: =IF(A9="","",IFERROR(INDEX(aree_servizio!B:B,MATCH(A9,aree_servizio!A:A,0)),"?"))
A10: 41 | B10: 3537 | C10: GPL | D10: servito | E10: 0.899 | F10: 2026-07-31 15:30 | G10: 2026-10-01 | H10: =IF(A10="","",IFERROR(INDEX(aree_servizio!B:B,MATCH(A10,aree_servizio!A:A,0)),"?"))
A11: 12 | B11: 53509 | C11: GPL | D11: servito | E11: 0.899 | F11: 2026-09-11 07:30 | G11: 2026-10-01 | H11: =IF(A11="","",IFERROR(INDEX(aree_servizio!B:B,MATCH(A11,aree_servizio!A:A,0)),"?"))
A12: 368 | B12: 3535 | C12: GPL | D12: servito | E12: 0.849 | F12: 2026-09-15 06:30 | G12: 2026-10-01 | H12: =IF(A12="","",IFERROR(INDEX(aree_servizio!B:B,MATCH(A12,aree_servizio!A:A,0)),"?"))
A13: 163 | B13: 48454 | C13: Gasolio | D13: self | E13: 2.479 | F13: 2026-09-25 10:10 | G13: 2026-10-01 | H13: =IF(A13="","",IFERROR(INDEX(aree_servizio!B:B,MATCH(A13,aree_servizio!A:A,0)),"?"))
... A1991: 431 | B1991: 32209 | C1991: GPL | D1991: servito | E1991: 0.749 | F1991: 2026-10-03 18:30 | G1991: 2026-10-03 | H1991: =IF(A1991="","",IFERROR(INDEX(aree_servizio!B:B,MATCH(A1991,aree_servizio!A:A,0)),"?"))

Sheet servizi
A1: id | B1: nome
A2: 1 | B2: AdBlue
A3: 2 | B3: Area Camper
A4: 3 | B4: Baby Room
A5: 4 | B5: Bancomat
A6: 5 | B6: Bar
A7: 6 | B7: Cambio valute
A8: 7 | B8: Carburanti
A9: 8 | B9: Centro Camionisti
A10: 9 | B10: Chiesa
A11: 10 | B11: Croce Rossa
A12: 11 | B12: Docce
A13: 12 | B13: Fax
... A29: 28 | B29: prezzoAmico

Sheet tratte
A1: id | B1: id_autostrada | C1: nome
A2: 1 | B2: 1 | C2: Autostrada del Sole
A3: 2 | B3: 3 | C3: Autostrada Napoli-Salerno
A4: 3 | B4: 2 | C4: Autostrada Salerno-Reggio Calabria
A5: 4 | B5: 4 | C5: Autostrada Torino-Milano
A6: 5 | B6: 4 | C6: Autostrada Milano-Brescia
A7: 6 | B7: 4 | C7: Autostrada Brescia-Padova
A8: 7 | B8: 4 | C8: Autostrada Padova-Venezia
A9: 8 | B9: 5 | C9: Autostrada Torino-Aosta
A10: 9 | B10: 6 | C10: Autostrada Torino-Savona
A11: 10 | B11: 7 | C11: Autostrada Milano-Genova
A12: 11 | B12: 8 | C12: Autostrada dei Laghi
A13: 12 | B13: 9 | C13: Autostrada dei Laghi
... A50: 49 | B50: 45 | C50: Tangenziale di Mestre

Sheet tariffe_ricarica
A1: id | B1: id_gestore | C1: tipo_corrente | D1: potenza_min_kw | E1: potenza_max_kw | F1: prezzo_kwh | G1: prezzo_kwh_notte | H1: stato | I1: fonte | J1: data_fonte | K1: note | L1: _gestore
A2: 1 | B2: 1 | C2: AC | D2: 0 | E2: 43 | F2: 0.5 | H2: da verificare | I2: Correntia 22/08/2026 (listino carta alla colonnina, freeto-x.it) | J2: 2026-08-22 | K2: Una fonte del 05/10/2026 riporta 0,94 come prezzo base: controllare in app o alla colonnina | L2: =IF(B2="","",IFERROR(INDEX(gestori_ricarica!B:B,MATCH(B2,gestori_ricarica!A:A,0)),"?"))
A3: 2 | B3: 1 | C3: DC | D3: 0 | E3: 99 | F3: 0.65 | H3: da verificare | I3: Correntia 22/08/2026 (listino carta alla colonnina, freeto-x.it) | J3: 2026-08-22 | K3: vedi nota AC | L3: =IF(B3="","",IFERROR(INDEX(gestori_ricarica!B:B,MATCH(B3,gestori_ricarica!A:A,0)),"?"))
A4: 3 | B4: 1 | C4: DC | D4: 100 | E4: 999 | F4: 0.79 | H4: da verificare | I4: Correntia 22/08/2026 (listino carta alla colonnina, freeto-x.it) | J4: 2026-08-22 | K4: vedi nota AC | L4: =IF(B4="","",IFERROR(INDEX(gestori_ricarica!B:B,MATCH(B4,gestori_ricarica!A:A,0)),"?"))
A5: 4 | B5: 3 | C5: AC | D5: 0 | E5: 43 | F5: 0.67 | G5: 0.58 | H5: verificato | I5: Listino ufficiale enel.it, tabella aggiornata al 01/03/2026, valido fino al 14/01/2027 | J5: 2026-03-01 | K5: Notte 21:00-06:59 | L5: =IF(B5="","",IFERROR(INDEX(gestori_ricarica!B:B,MATCH(B5,gestori_ricarica!A:A,0)),"?"))
A6: 5 | B6: 3 | C6: DC | D6: 0 | E6: 99 | F6: 0.75 | G6: 0.64 | H6: verificato | I6: Listino ufficiale enel.it, tabella aggiornata al 01/03/2026, valido fino al 14/01/2027 | J6: 2026-03-01 | K6: Notte 21:00-06:59 | L6: =IF(B6="","",IFERROR(INDEX(gestori_ricarica!B:B,MATCH(B6,gestori_ricarica!A:A,0)),"?"))
A7: 6 | B7: 3 | C7: DC | D7: 100 | E7: 999 | F7: 0.86 | H7: verificato | I7: Listino ufficiale enel.it, tabella aggiornata al 01/03/2026, valido fino al 14/01/2027 | J7: 2026-03-01 | L7: =IF(B7="","",IFERROR(INDEX(gestori_ricarica!B:B,MATCH(B7,gestori_ricarica!A:A,0)),"?"))
A8: 7 | B8: 5 | C8: DC | D8: 0 | E8: 999 | F8: 0.8 | H8: verificato | I8: Comunicato ufficiale ewiva.com: contactless 0,80 €/kWh dal 01/08/2026 | J8: 2026-08-01 | K8: Prezzo con carta/Apple Pay/Google Pay, senza vincoli orari | L8: =IF(B8="","",IFERROR(INDEX(gestori_ricarica!B:B,MATCH(B8,gestori_ricarica!A:A,0)),"?"))
A9: 8 | B9: 2 | C9: DC | D9: 0 | E9: 999 | F9: 0.85 | H9: da verificare | I9: elettricopertutti.it, controllo sul sito ufficiale 05/10/2026 | J9: 2026-10-05 | K9: Correntia (22/08/2026) riporta 'da 0,80': prezzo in aumento a luglio 2026, controllare | L9: =IF(B9="","",IFERROR(INDEX(gestori_ricarica!B:B,MATCH(B9,gestori_ricarica!A:A,0)),"?"))
A10: 9 | B10: 4 | C10: AC | D10: 0 | E10: 43 | F10: 0.65 | H10: verificato | I10: elettricopertutti.it, controllo sul sito ufficiale Plenitude 05/10/2026 | J10: 2026-10-05 | K10: Rete Plenitude On The Road (ex Be Charge). Promo estiva terminata il 30/09/2026 | L10: =IF(B10="","",IFERROR(INDEX(gestori_ricarica!B:B,MATCH(B10,gestori_ricarica!A:A,0)),"?"))
A11: 10 | B11: 4 | C11: DC | D11: 0 | E11: 50 | F11: 0.85 | H11: verificato | I11: elettricopertutti.it, controllo sul sito ufficiale Plenitude 05/10/2026 | J11: 2026-10-05 | L11: =IF(B11="","",IFERROR(INDEX(gestori_ricarica!B:B,MATCH(B11,gestori_ricarica!A:A,0)),"?"))
A12: 11 | B12: 4 | C12: DC | D12: 51 | E12: 99 | F12: 0.9 | H12: verificato | I12: elettricopertutti.it, controllo sul sito ufficiale Plenitude 05/10/2026 | J12: 2026-10-05 | L12: =IF(B12="","",IFERROR(INDEX(gestori_ricarica!B:B,MATCH(B12,gestori_ricarica!A:A,0)),"?"))
A13: 12 | B13: 4 | C13: DC | D13: 100 | E13: 999 | F13: 0.9 | H13: verificato | I13: elettricopertutti.it, controllo sul sito ufficiale Plenitude 05/10/2026 | J13: 2026-10-05 | L13: =IF(B13="","",IFERROR(INDEX(gestori_ricarica!B:B,MATCH(B13,gestori_ricarica!A:A,0)),"?"))
A14: 13 | B14: 20 | C14: DC | D14: 100 | E14: 999 | F14: 0.43 | H14: verificato | I14: Sito ufficiale Autostrada del Brennero (A22), 07/10/2026 | J14: 2026-10-07 | K14: Ultra rapida. Già nel database come prezzo_kwh delle righe A22 | L14: =IF(B14="","",IFERROR(INDEX(gestori_ricarica!B:B,MATCH(B14,gestori_ricarica!A:A,0)),"?"))
A15: 14 | B15: 20 | C15: DC | D15: 0 | E15: 99 | F15: 0.38 | H15: verificato | I15: Sito ufficiale Autostrada del Brennero (A22), 07/10/2026 | J15: 2026-10-07 | K15: Multi standard | L15: =IF(B15="","",IFERROR(INDEX(gestori_ricarica!B:B,MATCH(B15,gestori_ricarica!A:A,0)),"?"))
A16: 15 | B16: 20 | C16: AC | D16: 0 | E16: 43 | F16: 0.33 | H16: verificato | I16: Sito ufficiale Autostrada del Brennero (A22), 07/10/2026 | J16: 2026-10-07 | L16: =IF(B16="","",IFERROR(INDEX(gestori_ricarica!B:B,MATCH(B16,gestori_ricarica!A:A,0)),"?"))
L17: =IF(B17="","",IFERROR(INDEX(gestori_ricarica!B:B,MATCH(B17,gestori_ricarica!A:A,0)),"?"))
L18: =IF(B18="","",IFERROR(INDEX(gestori_ricarica!B:B,MATCH(B18,gestori_ricarica!A:A,0)),"?"))
L19: =IF(B19="","",IFERROR(INDEX(gestori_ricarica!B:B,MATCH(B19,gestori_ricarica!A:A,0)),"?"))
L20: =IF(B20="","",IFERROR(INDEX(gestori_ricarica!B:B,MATCH(B20,gestori_ricarica!A:A,0)),"?"))
L21: =IF(B21="","",IFERROR(INDEX(gestori_ricarica!B:B,MATCH(B21,gestori_ricarica!A:A,0)),"?"))
L22: =IF(B22="","",IFERROR(INDEX(gestori_ricarica!B:B,MATCH(B22,gestori_ricarica!A:A,0)),"?"))
L23: =IF(B23="","",IFERROR(INDEX(gestori_ricarica!B:B,MATCH(B23,gestori_ricarica!A:A,0)),"?"))
L24: =IF(B24="","",IFERROR(INDEX(gestori_ricarica!B:B,MATCH(B24,gestori_ricarica!A:A,0)),"?"))
L25: =IF(B25="","",IFERROR(INDEX(gestori_ricarica!B:B,MATCH(B25,gestori_ricarica!A:A,0)),"?"))
L26: =IF(B26="","",IFERROR(INDEX(gestori_ricarica!B:B,MATCH(B26,gestori_ricarica!A:A,0)),"?"))
L27: =IF(B27="","",IFERROR(INDEX(gestori_ricarica!B:B,MATCH(B27,gestori_ricarica!A:A,0)),"?"))
L28: =IF(B28="","",IFERROR(INDEX(gestori_ricarica!B:B,MATCH(B28,gestori_ricarica!A:A,0)),"?"))
... L166: =IF(B166="","",IFERROR(INDEX(gestori_ricarica!B:B,MATCH(B166,gestori_ricarica!A:A,0)),"?"))

Sheet tassi_cambio
A1: valuta | B1: per_euro | C1: data | D1: fonte
A2: USD | B2: 1.1253 | C2: 2026-10-16 | D2: BCE, tassi di riferimento (eurofxref)
A3: GBP | B3: 0.84385 | C3: 2026-10-16 | D3: BCE, tassi di riferimento (eurofxref)
A4: CHF | B4: 0.9272 | C4: 2026-10-16 | D4: BCE, tassi di riferimento (eurofxref)
A5: SEK | B5: 11.145 | C5: 2026-10-16 | D5: BCE, tassi di riferimento (eurofxref)
A6: NOK | B6: 10.624 | C6: 2026-10-16 | D6: BCE, tassi di riferimento (eurofxref)
A7: DKK | B7: 7.4748 | C7: 2026-10-16 | D7: BCE, tassi di riferimento (eurofxref)
A8: PLN | B8: 4.37 | C8: 2026-10-16 | D8: BCE, tassi di riferimento (eurofxref)
A9: CZK | B9: 24.323 | C9: 2026-10-16 | D9: BCE, tassi di riferimento (eurofxref)
A10: HUF | B10: 363.08 | C10: 2026-10-16 | D10: BCE, tassi di riferimento (eurofxref)
A11: RON | B11: 5.331 | C11: 2026-10-16 | D11: BCE, tassi di riferimento (eurofxref)
